-- ecommerce_dataset.sql -- Generated dataset for SQL analysis (MySQL)

DROP DATABASE IF EXISTS ecommerce_dataset;
CREATE DATABASE ecommerce_dataset;
USE ecommerce_dataset;

-- Table definitions


CREATE TABLE customers (
  customer_id INT PRIMARY KEY,
  first_name VARCHAR(50),
  last_name VARCHAR(50),
  email VARCHAR(120) UNIQUE,
  city VARCHAR(60),
  state VARCHAR(60),
  created_at DATE
);


CREATE TABLE categories (
  category_id INT PRIMARY KEY,
  name VARCHAR(80)
);


CREATE TABLE products (
  product_id INT PRIMARY KEY,
  name VARCHAR(200),
  category_id INT,
  price DECIMAL(10,2),
  stock INT,
  created_at DATE,
  FOREIGN KEY (category_id) REFERENCES categories(category_id)
);


CREATE TABLE orders (
  order_id INT PRIMARY KEY,
  customer_id INT,
  order_date DATE,
  status VARCHAR(20),
  total_amount DECIMAL(12,2),
  FOREIGN KEY (customer_id) REFERENCES customers(customer_id)
);


CREATE TABLE order_items (
  order_item_id INT PRIMARY KEY,
  order_id INT,
  product_id INT,
  quantity INT,
  unit_price DECIMAL(10,2),
  FOREIGN KEY (order_id) REFERENCES orders(order_id),
  FOREIGN KEY (product_id) REFERENCES products(product_id)
);


CREATE TABLE payments (
  payment_id INT PRIMARY KEY,
  order_id INT,
  payment_date DATE,
  amount DECIMAL(12,2),
  payment_method VARCHAR(50),
  FOREIGN KEY (order_id) REFERENCES orders(order_id)
);


CREATE TABLE reviews (
  review_id INT PRIMARY KEY,
  product_id INT,
  customer_id INT,
  rating INT,
  review_text TEXT,
  review_date DATE,
  FOREIGN KEY (product_id) REFERENCES products(product_id),
  FOREIGN KEY (customer_id) REFERENCES customers(customer_id)
);

INSERT INTO customers (customer_id, first_name, last_name, email, city, state, created_at) VALUES
(1, 'Rekha', 'Patel', 'rekha.patel1@example.com', 'Bengaluru', 'Karnataka', '2024-10-08'),
(2, 'Ramesh', 'Joshi', 'ramesh.joshi2@example.com', 'Chennai', 'Tamil Nadu', '2024-04-14'),
(3, 'Harsha', 'Saxena', 'harsha.saxena3@example.com', 'Mumbai', 'Maharashtra', '2025-08-27'),
(4, 'Sameer', 'Singh', 'sameer.singh4@example.com', 'Bengaluru', 'Karnataka', '2024-04-05'),
(5, 'Anjali', 'Joshi', 'anjali.joshi5@example.com', 'Surat', 'Gujarat', '2025-09-08'),
(6, 'Asha', 'Saxena', 'asha.saxena6@example.com', 'Delhi', 'Delhi', '2025-10-27'),
(7, 'Pooja', 'Saxena', 'pooja.saxena7@example.com', 'Pune', 'Maharashtra', '2024-08-13'),
(8, 'Kavya', 'Varma', 'kavya.varma8@example.com', 'Hyderabad', 'Telangana', '2024-01-07'),
(9, 'Meera', 'Gupta', 'meera.gupta9@example.com', 'Pune', 'Maharashtra', '2024-12-14'),
(10, 'Deepa', 'Shah', 'deepa.shah10@example.com', 'Delhi', 'Delhi', '2024-12-10'),
(11, 'Vikram', 'Kumar', 'vikram.kumar11@example.com', 'Pune', 'Maharashtra', '2024-04-09'),
(12, 'Arjun', 'Desai', 'arjun.desai12@example.com', 'Lucknow', 'Uttar Pradesh', '2024-09-27'),
(13, 'Amit', 'Singh', 'amit.singh13@example.com', 'Ahmedabad', 'Gujarat', '2025-07-03'),
(14, 'Vikram', 'Nair', 'vikram.nair14@example.com', 'Mumbai', 'Maharashtra', '2025-07-19'),
(15, 'Mohit', 'Trivedi', 'mohit.trivedi15@example.com', 'Kolkata', 'West Bengal', '2025-08-14'),
(16, 'Anjali', 'Kumar', 'anjali.kumar16@example.com', 'Bengaluru', 'Karnataka', '2025-11-08'),
(17, 'Ramesh', 'Kapoor', 'ramesh.kapoor17@example.com', 'Mumbai', 'Maharashtra', '2024-08-26'),
(18, 'Nikhil', 'Patel', 'nikhil.patel18@example.com', 'Pune', 'Maharashtra', '2024-10-11'),
(19, 'Kavya', 'Desai', 'kavya.desai19@example.com', 'Chennai', 'Tamil Nadu', '2025-01-14'),
(20, 'Arjun', 'Iyer', 'arjun.iyer20@example.com', 'Hyderabad', 'Telangana', '2025-11-30'),
(21, 'Rekha', 'Kumar', 'rekha.kumar21@example.com', 'Lucknow', 'Uttar Pradesh', '2025-10-12'),
(22, 'Karan', 'Saxena', 'karan.saxena22@example.com', 'Delhi', 'Delhi', '2024-06-16'),
(23, 'Kavya', 'Nair', 'kavya.nair23@example.com', 'Hyderabad', 'Telangana', '2025-10-17'),
(24, 'Pooja', 'Saxena', 'pooja.saxena24@example.com', 'Delhi', 'Delhi', '2024-11-28'),
(25, 'Lakshmi', 'Singh', 'lakshmi.singh25@example.com', 'Delhi', 'Delhi', '2024-02-02'),
(26, 'Amit', 'Chopra', 'amit.chopra26@example.com', 'Pune', 'Maharashtra', '2024-10-01'),
(27, 'Priya', 'Iyer', 'priya.iyer27@example.com', 'Lucknow', 'Uttar Pradesh', '2024-11-18'),
(28, 'Anjali', 'Malhotra', 'anjali.malhotra28@example.com', 'Pune', 'Maharashtra', '2025-10-20'),
(29, 'Kavya', 'Shah', 'kavya.shah29@example.com', 'Hyderabad', 'Telangana', '2024-05-22'),
(30, 'Ramesh', 'Saxena', 'ramesh.saxena30@example.com', 'Surat', 'Gujarat', '2024-09-26'),
(31, 'Vijay', 'Varma', 'vijay.varma31@example.com', 'Pune', 'Maharashtra', '2025-08-20'),
(32, 'Isha', 'Desai', 'isha.desai32@example.com', 'Delhi', 'Delhi', '2024-05-21'),
(33, 'Maya', 'Malhotra', 'maya.malhotra33@example.com', 'Mumbai', 'Maharashtra', '2024-02-18'),
(34, 'Nikhil', 'Patel', 'nikhil.patel34@example.com', 'Chennai', 'Tamil Nadu', '2025-10-04'),
(35, 'Karan', 'Menon', 'karan.menon35@example.com', 'Lucknow', 'Uttar Pradesh', '2024-03-06'),
(36, 'Isha', 'Nair', 'isha.nair36@example.com', 'Lucknow', 'Uttar Pradesh', '2025-04-24'),
(37, 'Maya', 'Bose', 'maya.bose37@example.com', 'Surat', 'Gujarat', '2024-01-12'),
(38, 'Harsha', 'Patel', 'harsha.patel38@example.com', 'Surat', 'Gujarat', '2024-09-30'),
(39, 'Meera', 'Chopra', 'meera.chopra39@example.com', 'Mumbai', 'Maharashtra', '2024-10-27'),
(40, 'Sameer', 'Gupta', 'sameer.gupta40@example.com', 'Ahmedabad', 'Gujarat', '2024-01-04'),
(41, 'Vijay', 'Bose', 'vijay.bose41@example.com', 'Surat', 'Gujarat', '2024-07-01'),
(42, 'Maya', 'Patel', 'maya.patel42@example.com', 'Hyderabad', 'Telangana', '2025-10-16'),
(43, 'Maya', 'Trivedi', 'maya.trivedi43@example.com', 'Delhi', 'Delhi', '2024-06-05'),
(44, 'Arjun', 'Gupta', 'arjun.gupta44@example.com', 'Surat', 'Gujarat', '2025-06-27'),
(45, 'Suresh', 'Rao', 'suresh.rao45@example.com', 'Lucknow', 'Uttar Pradesh', '2024-11-27'),
(46, 'Rohit', 'Rao', 'rohit.rao46@example.com', 'Mumbai', 'Maharashtra', '2025-01-06'),
(47, 'Divya', 'Kapoor', 'divya.kapoor47@example.com', 'Delhi', 'Delhi', '2024-02-29'),
(48, 'Ramesh', 'Varma', 'ramesh.varma48@example.com', 'Mumbai', 'Maharashtra', '2024-03-28'),
(49, 'Vijay', 'Malhotra', 'vijay.malhotra49@example.com', 'Mumbai', 'Maharashtra', '2025-06-29'),
(50, 'Meera', 'Shah', 'meera.shah50@example.com', 'Chennai', 'Tamil Nadu', '2025-11-06'),
(51, 'Rohit', 'Saxena', 'rohit.saxena51@example.com', 'Chennai', 'Tamil Nadu', '2024-09-28'),
(52, 'Maya', 'Trivedi', 'maya.trivedi52@example.com', 'Pune', 'Maharashtra', '2024-08-04'),
(53, 'Suresh', 'Saxena', 'suresh.saxena53@example.com', 'Delhi', 'Delhi', '2024-11-15'),
(54, 'Isha', 'Desai', 'isha.desai54@example.com', 'Ahmedabad', 'Gujarat', '2025-06-13'),
(55, 'Kavya', 'Patel', 'kavya.patel55@example.com', 'Delhi', 'Delhi', '2024-08-18'),
(56, 'Priya', 'Chopra', 'priya.chopra56@example.com', 'Bengaluru', 'Karnataka', '2025-08-25'),
(57, 'Siddharth', 'Joshi', 'siddharth.joshi57@example.com', 'Lucknow', 'Uttar Pradesh', '2024-08-13'),
(58, 'Asha', 'Kumar', 'asha.kumar58@example.com', 'Bengaluru', 'Karnataka', '2024-08-22'),
(59, 'Priya', 'Singh', 'priya.singh59@example.com', 'Kolkata', 'West Bengal', '2024-03-13'),
(60, 'Maya', 'Joshi', 'maya.joshi60@example.com', 'Hyderabad', 'Telangana', '2025-11-16'),
(61, 'Rohit', 'Iyer', 'rohit.iyer61@example.com', 'Surat', 'Gujarat', '2024-05-15'),
(62, 'Vijay', 'Varma', 'vijay.varma62@example.com', 'Lucknow', 'Uttar Pradesh', '2025-04-29'),
(63, 'Ramesh', 'Malhotra', 'ramesh.malhotra63@example.com', 'Pune', 'Maharashtra', '2024-07-13'),
(64, 'Vikram', 'Patel', 'vikram.patel64@example.com', 'Pune', 'Maharashtra', '2024-12-28'),
(65, 'Sameer', 'Menon', 'sameer.menon65@example.com', 'Ahmedabad', 'Gujarat', '2024-02-25'),
(66, 'Harsha', 'Patel', 'harsha.patel66@example.com', 'Bengaluru', 'Karnataka', '2025-02-16'),
(67, 'Vijay', 'Chopra', 'vijay.chopra67@example.com', 'Mumbai', 'Maharashtra', '2024-09-11'),
(68, 'Anjali', 'Iyer', 'anjali.iyer68@example.com', 'Surat', 'Gujarat', '2025-04-04'),
(69, 'Sana', 'Menon', 'sana.menon69@example.com', 'Chennai', 'Tamil Nadu', '2024-10-12'),
(70, 'Kavya', 'Joshi', 'kavya.joshi70@example.com', 'Mumbai', 'Maharashtra', '2025-03-29'),
(71, 'Amit', 'Saxena', 'amit.saxena71@example.com', 'Mumbai', 'Maharashtra', '2024-02-21'),
(72, 'Rekha', 'Saxena', 'rekha.saxena72@example.com', 'Bengaluru', 'Karnataka', '2024-04-05'),
(73, 'Suresh', 'Joshi', 'suresh.joshi73@example.com', 'Chennai', 'Tamil Nadu', '2025-02-20'),
(74, 'Rohit', 'Malhotra', 'rohit.malhotra74@example.com', 'Delhi', 'Delhi', '2025-02-14'),
(75, 'Divya', 'Singh', 'divya.singh75@example.com', 'Chennai', 'Tamil Nadu', '2025-01-23'),
(76, 'Asha', 'Nair', 'asha.nair76@example.com', 'Hyderabad', 'Telangana', '2025-04-10'),
(77, 'Mohit', 'Menon', 'mohit.menon77@example.com', 'Surat', 'Gujarat', '2025-11-08'),
(78, 'Pooja', 'Malhotra', 'pooja.malhotra78@example.com', 'Chennai', 'Tamil Nadu', '2024-07-13'),
(79, 'Mohit', 'Iyer', 'mohit.iyer79@example.com', 'Bengaluru', 'Karnataka', '2025-08-16'),
(80, 'Vijay', 'Saxena', 'vijay.saxena80@example.com', 'Bengaluru', 'Karnataka', '2024-11-17'),
(81, 'Rahul', 'Singh', 'rahul.singh81@example.com', 'Lucknow', 'Uttar Pradesh', '2025-05-03'),
(82, 'Maya', 'Mishra', 'maya.mishra82@example.com', 'Chennai', 'Tamil Nadu', '2024-02-28'),
(83, 'Maya', 'Kumar', 'maya.kumar83@example.com', 'Chennai', 'Tamil Nadu', '2024-03-11'),
(84, 'Manish', 'Kumar', 'manish.kumar84@example.com', 'Delhi', 'Delhi', '2025-02-17'),
(85, 'Vikram', 'Varma', 'vikram.varma85@example.com', 'Delhi', 'Delhi', '2025-08-15'),
(86, 'Manish', 'Singh', 'manish.singh86@example.com', 'Lucknow', 'Uttar Pradesh', '2024-03-24'),
(87, 'Sameer', 'Varma', 'sameer.varma87@example.com', 'Lucknow', 'Uttar Pradesh', '2025-06-19'),
(88, 'Neha', 'Bose', 'neha.bose88@example.com', 'Delhi', 'Delhi', '2025-11-16'),
(89, 'Pooja', 'Chopra', 'pooja.chopra89@example.com', 'Delhi', 'Delhi', '2024-09-28'),
(90, 'Isha', 'Shah', 'isha.shah90@example.com', 'Hyderabad', 'Telangana', '2025-04-13'),
(91, 'Neha', 'Kumar', 'neha.kumar91@example.com', 'Bengaluru', 'Karnataka', '2025-04-14'),
(92, 'Manish', 'Varma', 'manish.varma92@example.com', 'Mumbai', 'Maharashtra', '2024-03-16'),
(93, 'Siddharth', 'Iyer', 'siddharth.iyer93@example.com', 'Surat', 'Gujarat', '2024-09-28'),
(94, 'Sana', 'Desai', 'sana.desai94@example.com', 'Mumbai', 'Maharashtra', '2024-09-07'),
(95, 'Arjun', 'Kapoor', 'arjun.kapoor95@example.com', 'Chennai', 'Tamil Nadu', '2025-03-24'),
(96, 'Lakshmi', 'Saxena', 'lakshmi.saxena96@example.com', 'Hyderabad', 'Telangana', '2025-09-18'),
(97, 'Amit', 'Mishra', 'amit.mishra97@example.com', 'Bengaluru', 'Karnataka', '2025-11-14'),
(98, 'Lakshmi', 'Saxena', 'lakshmi.saxena98@example.com', 'Hyderabad', 'Telangana', '2025-11-10'),
(99, 'Vikram', 'Shah', 'vikram.shah99@example.com', 'Hyderabad', 'Telangana', '2024-04-28'),
(100, 'Divya', 'Patel', 'divya.patel100@example.com', 'Surat', 'Gujarat', '2024-06-08'),
(101, 'Deepa', 'Kapoor', 'deepa.kapoor101@example.com', 'Lucknow', 'Uttar Pradesh', '2024-08-03'),
(102, 'Pooja', 'Chopra', 'pooja.chopra102@example.com', 'Delhi', 'Delhi', '2025-10-11'),
(103, 'Nikhil', 'Bose', 'nikhil.bose103@example.com', 'Surat', 'Gujarat', '2025-05-15'),
(104, 'Deepa', 'Singh', 'deepa.singh104@example.com', 'Mumbai', 'Maharashtra', '2025-10-11'),
(105, 'Sameer', 'Bose', 'sameer.bose105@example.com', 'Bengaluru', 'Karnataka', '2024-01-04'),
(106, 'Neha', 'Shah', 'neha.shah106@example.com', 'Hyderabad', 'Telangana', '2024-06-14'),
(107, 'Vijay', 'Reddy', 'vijay.reddy107@example.com', 'Surat', 'Gujarat', '2025-03-13'),
(108, 'Siddharth', 'Rao', 'siddharth.rao108@example.com', 'Mumbai', 'Maharashtra', '2024-03-18'),
(109, 'Divya', 'Shah', 'divya.shah109@example.com', 'Surat', 'Gujarat', '2024-02-06'),
(110, 'Lakshmi', 'Desai', 'lakshmi.desai110@example.com', 'Lucknow', 'Uttar Pradesh', '2025-07-19'),
(111, 'Sana', 'Menon', 'sana.menon111@example.com', 'Chennai', 'Tamil Nadu', '2024-02-12'),
(112, 'Mohit', 'Desai', 'mohit.desai112@example.com', 'Bengaluru', 'Karnataka', '2025-01-01'),
(113, 'Anjali', 'Joshi', 'anjali.joshi113@example.com', 'Mumbai', 'Maharashtra', '2024-12-28'),
(114, 'Meera', 'Saxena', 'meera.saxena114@example.com', 'Pune', 'Maharashtra', '2025-09-27'),
(115, 'Vijay', 'Shah', 'vijay.shah115@example.com', 'Delhi', 'Delhi', '2024-06-15'),
(116, 'Amit', 'Gupta', 'amit.gupta116@example.com', 'Pune', 'Maharashtra', '2024-01-26'),
(117, 'Karan', 'Chopra', 'karan.chopra117@example.com', 'Pune', 'Maharashtra', '2025-11-16'),
(118, 'Nikhil', 'Joshi', 'nikhil.joshi118@example.com', 'Hyderabad', 'Telangana', '2024-06-12'),
(119, 'Amit', 'Patel', 'amit.patel119@example.com', 'Pune', 'Maharashtra', '2024-02-09'),
(120, 'Nikhil', 'Malhotra', 'nikhil.malhotra120@example.com', 'Delhi', 'Delhi', '2024-07-23'),
(121, 'Lakshmi', 'Reddy', 'lakshmi.reddy121@example.com', 'Kolkata', 'West Bengal', '2024-11-08'),
(122, 'Lakshmi', 'Joshi', 'lakshmi.joshi122@example.com', 'Delhi', 'Delhi', '2024-01-25'),
(123, 'Harsha', 'Iyer', 'harsha.iyer123@example.com', 'Pune', 'Maharashtra', '2024-12-02'),
(124, 'Deepa', 'Kumar', 'deepa.kumar124@example.com', 'Hyderabad', 'Telangana', '2024-12-25'),
(125, 'Rekha', 'Mishra', 'rekha.mishra125@example.com', 'Pune', 'Maharashtra', '2025-11-26'),
(126, 'Lakshmi', 'Saxena', 'lakshmi.saxena126@example.com', 'Kolkata', 'West Bengal', '2024-01-29'),
(127, 'Vikram', 'Bose', 'vikram.bose127@example.com', 'Chennai', 'Tamil Nadu', '2025-08-17'),
(128, 'Deepa', 'Singh', 'deepa.singh128@example.com', 'Mumbai', 'Maharashtra', '2025-09-02'),
(129, 'Sameer', 'Desai', 'sameer.desai129@example.com', 'Kolkata', 'West Bengal', '2025-03-22'),
(130, 'Manish', 'Mishra', 'manish.mishra130@example.com', 'Mumbai', 'Maharashtra', '2025-01-29'),
(131, 'Divya', 'Varma', 'divya.varma131@example.com', 'Delhi', 'Delhi', '2024-09-17'),
(132, 'Rahul', 'Menon', 'rahul.menon132@example.com', 'Bengaluru', 'Karnataka', '2025-06-16'),
(133, 'Suresh', 'Saxena', 'suresh.saxena133@example.com', 'Delhi', 'Delhi', '2025-01-07'),
(134, 'Sameer', 'Kumar', 'sameer.kumar134@example.com', 'Kolkata', 'West Bengal', '2025-09-30'),
(135, 'Neha', 'Patel', 'neha.patel135@example.com', 'Hyderabad', 'Telangana', '2025-06-03'),
(136, 'Mohit', 'Menon', 'mohit.menon136@example.com', 'Kolkata', 'West Bengal', '2025-02-16'),
(137, 'Pooja', 'Kapoor', 'pooja.kapoor137@example.com', 'Surat', 'Gujarat', '2024-05-10'),
(138, 'Anjali', 'Menon', 'anjali.menon138@example.com', 'Pune', 'Maharashtra', '2025-11-24'),
(139, 'Vijay', 'Gupta', 'vijay.gupta139@example.com', 'Lucknow', 'Uttar Pradesh', '2025-08-05'),
(140, 'Mohit', 'Nair', 'mohit.nair140@example.com', 'Surat', 'Gujarat', '2024-01-01'),
(141, 'Mohit', 'Kapoor', 'mohit.kapoor141@example.com', 'Delhi', 'Delhi', '2025-03-16'),
(142, 'Amit', 'Varma', 'amit.varma142@example.com', 'Lucknow', 'Uttar Pradesh', '2025-11-01'),
(143, 'Neha', 'Reddy', 'neha.reddy143@example.com', 'Ahmedabad', 'Gujarat', '2025-03-28'),
(144, 'Harsha', 'Iyer', 'harsha.iyer144@example.com', 'Surat', 'Gujarat', '2025-04-29'),
(145, 'Amit', 'Gupta', 'amit.gupta145@example.com', 'Mumbai', 'Maharashtra', '2024-10-17'),
(146, 'Maya', 'Trivedi', 'maya.trivedi146@example.com', 'Kolkata', 'West Bengal', '2024-04-05'),
(147, 'Lakshmi', 'Joshi', 'lakshmi.joshi147@example.com', 'Hyderabad', 'Telangana', '2024-08-18'),
(148, 'Amit', 'Iyer', 'amit.iyer148@example.com', 'Chennai', 'Tamil Nadu', '2024-01-26'),
(149, 'Rahul', 'Joshi', 'rahul.joshi149@example.com', 'Ahmedabad', 'Gujarat', '2025-09-17'),
(150, 'Nikhil', 'Kumar', 'nikhil.kumar150@example.com', 'Ahmedabad', 'Gujarat', '2025-02-28'),
(151, 'Divya', 'Varma', 'divya.varma151@example.com', 'Delhi', 'Delhi', '2025-01-28'),
(152, 'Rohit', 'Nair', 'rohit.nair152@example.com', 'Delhi', 'Delhi', '2024-05-31'),
(153, 'Rekha', 'Rao', 'rekha.rao153@example.com', 'Mumbai', 'Maharashtra', '2025-03-11'),
(154, 'Ramesh', 'Gupta', 'ramesh.gupta154@example.com', 'Surat', 'Gujarat', '2025-04-20'),
(155, 'Rahul', 'Saxena', 'rahul.saxena155@example.com', 'Delhi', 'Delhi', '2024-05-04'),
(156, 'Kavya', 'Shah', 'kavya.shah156@example.com', 'Ahmedabad', 'Gujarat', '2025-11-14'),
(157, 'Maya', 'Saxena', 'maya.saxena157@example.com', 'Lucknow', 'Uttar Pradesh', '2024-11-20'),
(158, 'Meera', 'Reddy', 'meera.reddy158@example.com', 'Lucknow', 'Uttar Pradesh', '2025-05-31'),
(159, 'Sameer', 'Saxena', 'sameer.saxena159@example.com', 'Ahmedabad', 'Gujarat', '2024-06-11'),
(160, 'Vijay', 'Malhotra', 'vijay.malhotra160@example.com', 'Ahmedabad', 'Gujarat', '2024-09-22'),
(161, 'Meera', 'Joshi', 'meera.joshi161@example.com', 'Hyderabad', 'Telangana', '2025-06-17'),
(162, 'Rohit', 'Joshi', 'rohit.joshi162@example.com', 'Hyderabad', 'Telangana', '2025-03-26'),
(163, 'Priya', 'Kapoor', 'priya.kapoor163@example.com', 'Delhi', 'Delhi', '2024-10-05'),
(164, 'Neha', 'Chopra', 'neha.chopra164@example.com', 'Surat', 'Gujarat', '2024-03-23'),
(165, 'Sana', 'Shah', 'sana.shah165@example.com', 'Delhi', 'Delhi', '2025-01-27'),
(166, 'Pooja', 'Shah', 'pooja.shah166@example.com', 'Delhi', 'Delhi', '2024-03-06'),
(167, 'Sameer', 'Menon', 'sameer.menon167@example.com', 'Kolkata', 'West Bengal', '2025-07-09'),
(168, 'Kavya', 'Menon', 'kavya.menon168@example.com', 'Bengaluru', 'Karnataka', '2024-07-30'),
(169, 'Lakshmi', 'Menon', 'lakshmi.menon169@example.com', 'Pune', 'Maharashtra', '2025-08-21'),
(170, 'Pooja', 'Rao', 'pooja.rao170@example.com', 'Lucknow', 'Uttar Pradesh', '2025-01-24'),
(171, 'Rohit', 'Rao', 'rohit.rao171@example.com', 'Kolkata', 'West Bengal', '2024-11-01'),
(172, 'Meera', 'Nair', 'meera.nair172@example.com', 'Pune', 'Maharashtra', '2025-07-05'),
(173, 'Vijay', 'Saxena', 'vijay.saxena173@example.com', 'Lucknow', 'Uttar Pradesh', '2024-08-13'),
(174, 'Rohit', 'Joshi', 'rohit.joshi174@example.com', 'Hyderabad', 'Telangana', '2025-03-22'),
(175, 'Rohit', 'Rao', 'rohit.rao175@example.com', 'Pune', 'Maharashtra', '2024-12-10'),
(176, 'Harsha', 'Nair', 'harsha.nair176@example.com', 'Chennai', 'Tamil Nadu', '2025-04-23'),
(177, 'Suresh', 'Shah', 'suresh.shah177@example.com', 'Lucknow', 'Uttar Pradesh', '2025-06-30'),
(178, 'Asha', 'Nair', 'asha.nair178@example.com', 'Lucknow', 'Uttar Pradesh', '2025-07-31'),
(179, 'Harsha', 'Rao', 'harsha.rao179@example.com', 'Mumbai', 'Maharashtra', '2025-10-20'),
(180, 'Sameer', 'Shah', 'sameer.shah180@example.com', 'Ahmedabad', 'Gujarat', '2024-07-05'),
(181, 'Rahul', 'Bose', 'rahul.bose181@example.com', 'Pune', 'Maharashtra', '2024-12-01'),
(182, 'Anjali', 'Reddy', 'anjali.reddy182@example.com', 'Kolkata', 'West Bengal', '2024-12-11'),
(183, 'Meera', 'Nair', 'meera.nair183@example.com', 'Hyderabad', 'Telangana', '2025-03-07'),
(184, 'Deepa', 'Kumar', 'deepa.kumar184@example.com', 'Ahmedabad', 'Gujarat', '2024-01-20'),
(185, 'Vijay', 'Saxena', 'vijay.saxena185@example.com', 'Bengaluru', 'Karnataka', '2024-12-24'),
(186, 'Ramesh', 'Kumar', 'ramesh.kumar186@example.com', 'Bengaluru', 'Karnataka', '2024-02-01'),
(187, 'Ramesh', 'Iyer', 'ramesh.iyer187@example.com', 'Bengaluru', 'Karnataka', '2025-09-28'),
(188, 'Sana', 'Joshi', 'sana.joshi188@example.com', 'Chennai', 'Tamil Nadu', '2025-04-29'),
(189, 'Harsha', 'Patel', 'harsha.patel189@example.com', 'Lucknow', 'Uttar Pradesh', '2024-08-11'),
(190, 'Kavya', 'Bose', 'kavya.bose190@example.com', 'Kolkata', 'West Bengal', '2024-06-20'),
(191, 'Manish', 'Trivedi', 'manish.trivedi191@example.com', 'Mumbai', 'Maharashtra', '2024-06-16'),
(192, 'Mohit', 'Patel', 'mohit.patel192@example.com', 'Lucknow', 'Uttar Pradesh', '2024-01-27'),
(193, 'Suresh', 'Kapoor', 'suresh.kapoor193@example.com', 'Lucknow', 'Uttar Pradesh', '2025-11-24'),
(194, 'Suresh', 'Nair', 'suresh.nair194@example.com', 'Pune', 'Maharashtra', '2024-07-22'),
(195, 'Priya', 'Varma', 'priya.varma195@example.com', 'Delhi', 'Delhi', '2024-04-14'),
(196, 'Pooja', 'Kapoor', 'pooja.kapoor196@example.com', 'Lucknow', 'Uttar Pradesh', '2024-05-03'),
(197, 'Amit', 'Varma', 'amit.varma197@example.com', 'Bengaluru', 'Karnataka', '2024-12-21'),
(198, 'Siddharth', 'Menon', 'siddharth.menon198@example.com', 'Kolkata', 'West Bengal', '2024-03-11'),
(199, 'Maya', 'Chopra', 'maya.chopra199@example.com', 'Bengaluru', 'Karnataka', '2025-03-06'),
(200, 'Lakshmi', 'Malhotra', 'lakshmi.malhotra200@example.com', 'Mumbai', 'Maharashtra', '2025-03-19');

INSERT INTO categories (category_id, name) VALUES
(1, 'Electronics'),
(2, 'Clothing'),
(3, 'Home & Kitchen'),
(4, 'Books'),
(5, 'Beauty'),
(6, 'Sports'),
(7, 'Toys'),
(8, 'Grocery');

INSERT INTO products (product_id, name, category_id, price, stock, created_at) VALUES
(1, 'Yoga Mat', 8, 355.29, 445, '2024-06-29'),
(2, 'Coffee Beans 250g', 5, 310.41, 941, '2025-07-05'),
(3, 'Organic Honey X', 5, 166.25, 251, '2024-03-29'),
(4, 'Children Storybook Set', 4, 376.48, 583, '2025-09-16'),
(5, 'Cricket Bat Plus', 6, 97.28, 217, '2024-12-29'),
(6, 'Children Storybook Set X', 5, 280.89, 529, '2024-07-14'),
(7, 'Bluetooth Speaker Plus', 8, 280.59, 246, '2025-05-02'),
(8, 'Organic Honey Model A', 2, 152.47, 414, '2024-09-06'),
(9, 'Face Cream', 6, 240.37, 543, '2024-12-18'),
(10, 'Building Blocks Toy', 6, 180.74, 464, '2024-10-04'),
(11, 'Face Cream Model A', 4, 162.93, 760, '2025-07-02'),
(12, 'Blender Plus', 5, 363.77, 1000, '2025-06-21'),
(13, 'Face Cream', 4, 153.46, 369, '2024-07-02'),
(14, 'Face Cream X', 3, 142.69, 997, '2024-02-25'),
(15, 'Face Cream', 3, 321.19, 770, '2025-05-17'),
(16, 'Men T-Shirt', 5, 238.47, 451, '2024-12-14'),
(17, 'Blender', 5, 470.06, 489, '2024-04-26'),
(18, 'Bluetooth Speaker Model A', 1, 82.5, 830, '2025-07-30'),
(19, 'Face Cream Model B', 2, 282.01, 426, '2025-09-12'),
(20, 'Novel: The River', 7, 229.2, 453, '2024-10-31'),
(21, 'Building Blocks Toy X', 1, 307.33, 757, '2024-04-11'),
(22, 'Cookware Set', 5, 332.27, 160, '2024-09-02'),
(23, 'Blender Model B', 1, 208.58, 705, '2025-08-31'),
(24, 'Organic Honey Model B', 5, 355.12, 719, '2025-04-09'),
(25, 'Bluetooth Speaker', 5, 394.82, 640, '2025-08-26'),
(26, 'Cookware Set X', 4, 325.99, 930, '2024-09-29'),
(27, 'Women Kurta Model B', 5, 300.17, 844, '2025-08-05'),
(28, 'Face Cream Plus', 5, 351.57, 965, '2024-10-05'),
(29, 'Coffee Beans 250g Plus', 2, 301.64, 910, '2025-03-18'),
(30, 'Sunscreen SPF50', 1, 52.84, 984, '2025-11-21'),
(31, 'Wireless Headphones', 5, 290.94, 781, '2024-06-28'),
(32, 'Organic Honey Plus', 5, 97.11, 599, '2025-03-22'),
(33, 'Organic Honey', 8, 178.85, 341, '2024-11-24'),
(34, 'Men T-Shirt', 6, 210.12, 507, '2024-10-22'),
(35, 'Cricket Bat', 1, 231.32, 322, '2024-09-15'),
(36, 'Sunscreen SPF50 Plus', 1, 330.91, 555, '2025-04-18'),
(37, 'Building Blocks Toy X', 6, 313.71, 510, '2025-10-02'),
(38, 'Educational Puzzle', 4, 139.12, 134, '2024-10-21'),
(39, 'Educational Puzzle', 8, 67.62, 996, '2025-10-07'),
(40, 'Novel: The River', 5, 278.46, 565, '2025-02-21'),
(41, 'Bluetooth Speaker Model A', 8, 473.01, 663, '2024-06-06'),
(42, 'Organic Honey', 5, 257.86, 279, '2025-03-01'),
(43, 'Organic Honey', 4, 232.28, 148, '2025-01-27'),
(44, 'Cookware Set', 3, 432.24, 282, '2025-02-28'),
(45, 'Sunscreen SPF50', 5, 410.89, 289, '2024-11-01'),
(46, 'Organic Honey', 8, 272.44, 353, '2024-12-06'),
(47, 'Cricket Bat Pro', 4, 489.56, 244, '2025-08-08'),
(48, 'Cricket Bat Plus', 1, 164.22, 484, '2025-01-25'),
(49, 'Cricket Bat', 3, 251.21, 37, '2024-05-09'),
(50, 'Coffee Beans 250g', 6, 435.02, 895, '2025-03-26'),
(51, 'Men T-Shirt Plus', 1, 362.72, 419, '2025-11-01'),
(52, 'Women Kurta Pro', 6, 314.02, 407, '2025-10-27'),
(53, 'Bluetooth Speaker', 7, 476.48, 641, '2025-05-14'),
(54, 'Smartphone Case', 4, 317.9, 943, '2024-10-21'),
(55, 'Novel: The River', 7, 488.36, 778, '2025-10-10'),
(56, 'Men T-Shirt Pro', 1, 30.58, 815, '2024-02-27'),
(57, 'Face Cream Plus', 3, 127.9, 421, '2025-08-02'),
(58, 'Blender Model A', 7, 312.28, 246, '2025-05-24'),
(59, 'Women Kurta Pro', 8, 133.37, 9, '2025-04-21'),
(60, 'Face Cream', 3, 44.27, 967, '2024-12-19'),
(61, 'Face Cream', 7, 346.94, 467, '2024-11-05'),
(62, 'Cookware Set', 8, 60.37, 390, '2025-08-08'),
(63, 'Yoga Mat Pro', 1, 488.17, 674, '2025-02-09'),
(64, 'Children Storybook Set Model A', 8, 416.92, 924, '2024-10-20'),
(65, 'Novel: The River', 6, 115.53, 194, '2025-09-27'),
(66, 'Children Storybook Set', 3, 316.47, 925, '2025-10-04'),
(67, 'Smartphone Case Plus', 1, 292.57, 749, '2024-05-14'),
(68, 'Bluetooth Speaker', 6, 375.01, 179, '2024-07-24'),
(69, 'Women Kurta', 6, 268.65, 935, '2024-10-06'),
(70, 'Blender Plus', 5, 374.56, 346, '2024-04-27'),
(71, 'Educational Puzzle', 3, 378.29, 231, '2025-11-23'),
(72, 'Cricket Bat', 6, 52.34, 404, '2024-01-15'),
(73, 'Children Storybook Set Plus', 6, 338.36, 688, '2024-09-25'),
(74, 'Cricket Bat', 6, 61.2, 239, '2025-04-27'),
(75, 'Wireless Headphones', 6, 457.39, 226, '2025-10-25'),
(76, 'Bluetooth Speaker', 8, 454.51, 309, '2025-10-26'),
(77, 'Building Blocks Toy Model A', 1, 157.44, 504, '2024-04-28'),
(78, 'Men T-Shirt X', 3, 198.83, 379, '2025-11-17'),
(79, 'Building Blocks Toy Model B', 7, 329.57, 853, '2025-05-16'),
(80, 'Building Blocks Toy', 5, 24.06, 379, '2024-08-10'),
(81, 'Educational Puzzle Model B', 6, 56.78, 702, '2025-01-11'),
(82, 'Yoga Mat Pro', 4, 483.39, 971, '2025-04-10'),
(83, 'Bluetooth Speaker', 1, 32.83, 341, '2024-09-06'),
(84, 'Women Kurta', 4, 41.69, 783, '2025-07-21'),
(85, 'Cookware Set Model B', 6, 388.21, 807, '2025-09-02'),
(86, 'Wireless Headphones Model B', 3, 273.25, 817, '2024-06-27'),
(87, 'Men T-Shirt', 1, 72.72, 366, '2024-08-31'),
(88, 'Sunscreen SPF50 Pro', 1, 70.24, 431, '2025-06-22'),
(89, 'Men T-Shirt', 8, 228.1, 370, '2025-06-09'),
(90, 'Men T-Shirt Model B', 1, 365.08, 930, '2025-11-05'),
(91, 'Coffee Beans 250g Model A', 1, 498.31, 867, '2025-02-15'),
(92, 'Building Blocks Toy', 8, 357.79, 454, '2024-03-16'),
(93, 'Bluetooth Speaker Model B', 2, 69.96, 639, '2025-10-10'),
(94, 'Sunscreen SPF50 X', 5, 230.77, 619, '2025-03-16'),
(95, 'Men T-Shirt', 2, 426.72, 666, '2025-07-18'),
(96, 'Cookware Set Model B', 7, 174.42, 464, '2025-02-12'),
(97, 'Building Blocks Toy', 6, 217.54, 681, '2024-09-18'),
(98, 'Yoga Mat', 8, 40.96, 851, '2024-03-28'),
(99, 'Bluetooth Speaker Pro', 3, 281.18, 600, '2025-07-29'),
(100, 'Sunscreen SPF50', 7, 181.62, 681, '2025-03-09'),
(101, 'Smartphone Case', 5, 180.66, 591, '2025-06-03'),
(102, 'Cookware Set Plus', 4, 424.01, 358, '2025-07-23'),
(103, 'Yoga Mat Pro', 4, 404.35, 865, '2025-07-28'),
(104, 'Wireless Headphones', 5, 22.22, 279, '2024-11-12'),
(105, 'Sunscreen SPF50 Model B', 3, 286.06, 410, '2024-03-12'),
(106, 'Women Kurta', 1, 53.05, 543, '2024-08-08'),
(107, 'Cricket Bat Pro', 3, 189.7, 738, '2024-11-28'),
(108, 'Bluetooth Speaker', 3, 85.29, 632, '2024-02-20'),
(109, 'Bluetooth Speaker Plus', 8, 306.07, 424, '2024-10-06'),
(110, 'Cookware Set', 2, 177.48, 113, '2024-10-17'),
(111, 'Organic Honey Pro', 1, 116.27, 613, '2024-02-26'),
(112, 'Wireless Headphones Model B', 3, 383.2, 296, '2024-12-01'),
(113, 'Men T-Shirt Plus', 3, 71.43, 545, '2024-08-23'),
(114, 'Coffee Beans 250g Pro', 2, 202.96, 759, '2024-02-13'),
(115, 'Building Blocks Toy Model A', 6, 290.7, 587, '2025-02-18'),
(116, 'Building Blocks Toy Plus', 1, 482.4, 175, '2025-09-24'),
(117, 'Educational Puzzle', 6, 51.27, 864, '2024-04-18'),
(118, 'Novel: The River Plus', 2, 202.32, 317, '2024-12-13'),
(119, 'Novel: The River Model B', 2, 258.65, 116, '2025-06-27'),
(120, 'Coffee Beans 250g Pro', 6, 365.14, 838, '2025-10-22'),
(121, 'Women Kurta Model B', 5, 104.86, 616, '2024-06-05'),
(122, 'Bluetooth Speaker Plus', 8, 378.43, 778, '2025-08-16'),
(123, 'Educational Puzzle', 6, 432.35, 642, '2024-11-19'),
(124, 'Women Kurta Plus', 8, 318.01, 815, '2024-10-08'),
(125, 'Smartphone Case Model A', 5, 234.72, 38, '2024-02-28'),
(126, 'Yoga Mat', 2, 324.53, 1000, '2024-04-02'),
(127, 'Coffee Beans 250g X', 1, 228.82, 829, '2025-08-08'),
(128, 'Cookware Set Plus', 3, 478.24, 461, '2024-04-15'),
(129, 'Sunscreen SPF50', 2, 255.73, 176, '2024-02-10'),
(130, 'Novel: The River', 8, 265.32, 624, '2024-06-11'),
(131, 'Yoga Mat Pro', 7, 208.71, 346, '2025-11-26'),
(132, 'Smartphone Case', 6, 40.36, 96, '2025-07-25'),
(133, 'Cricket Bat X', 3, 171.68, 596, '2025-11-10'),
(134, 'Women Kurta', 5, 483.14, 715, '2025-11-09'),
(135, 'Cricket Bat Model A', 5, 282.43, 658, '2024-12-02'),
(136, 'Women Kurta', 2, 325.2, 433, '2025-06-04'),
(137, 'Yoga Mat Pro', 3, 475.02, 349, '2025-05-12'),
(138, 'Cookware Set Model B', 3, 45.89, 864, '2024-04-13'),
(139, 'Coffee Beans 250g', 1, 333.01, 897, '2025-09-24'),
(140, 'Women Kurta Model B', 3, 96.8, 709, '2025-10-01'),
(141, 'Blender', 1, 209.73, 692, '2024-08-31'),
(142, 'Educational Puzzle', 8, 122.9, 244, '2024-11-12'),
(143, 'Organic Honey', 4, 188.61, 969, '2025-08-07'),
(144, 'Educational Puzzle Pro', 7, 254.93, 428, '2024-06-14'),
(145, 'Cookware Set', 3, 436.64, 53, '2025-10-18'),
(146, 'Organic Honey', 2, 357.3, 528, '2024-05-07'),
(147, 'Face Cream Model B', 5, 228.62, 525, '2024-05-30'),
(148, 'Building Blocks Toy Model B', 8, 442.35, 952, '2024-01-28'),
(149, 'Building Blocks Toy X', 6, 123.77, 83, '2025-01-18'),
(150, 'Novel: The River Model A', 6, 396.57, 140, '2024-02-09'),
(151, 'Face Cream', 8, 349.77, 142, '2025-04-25'),
(152, 'Educational Puzzle', 2, 17.33, 220, '2024-06-02'),
(153, 'Coffee Beans 250g Pro', 4, 155.87, 48, '2024-09-01'),
(154, 'Building Blocks Toy', 8, 38.84, 856, '2025-05-26'),
(155, 'Wireless Headphones', 4, 360.81, 298, '2025-03-15'),
(156, 'Wireless Headphones', 4, 288.2, 191, '2025-11-11'),
(157, 'Bluetooth Speaker Pro', 2, 476.12, 557, '2025-06-03'),
(158, 'Coffee Beans 250g Plus', 8, 29.38, 396, '2025-01-17'),
(159, 'Children Storybook Set', 6, 395.16, 353, '2024-09-03'),
(160, 'Men T-Shirt', 6, 73.5, 360, '2025-07-13'),
(161, 'Sunscreen SPF50', 3, 415.72, 701, '2025-04-20'),
(162, 'Organic Honey', 3, 38.98, 794, '2025-04-13'),
(163, 'Smartphone Case Model A', 4, 442.92, 323, '2024-11-13'),
(164, 'Coffee Beans 250g X', 8, 132.38, 771, '2025-10-24'),
(165, 'Cookware Set Model A', 6, 142.15, 818, '2025-01-11'),
(166, 'Building Blocks Toy', 8, 447.27, 395, '2024-12-13'),
(167, 'Blender Plus', 6, 461.84, 531, '2024-09-30'),
(168, 'Bluetooth Speaker', 2, 219.43, 842, '2024-07-03'),
(169, 'Face Cream Model A', 6, 332.51, 313, '2025-04-01'),
(170, 'Building Blocks Toy Plus', 6, 227.54, 744, '2024-12-27'),
(171, 'Building Blocks Toy Model A', 2, 337.55, 415, '2025-01-07'),
(172, 'Coffee Beans 250g', 3, 475.82, 146, '2025-09-14'),
(173, 'Educational Puzzle Model A', 4, 390.25, 375, '2025-01-05'),
(174, 'Cricket Bat', 1, 305.1, 695, '2025-04-05'),
(175, 'Yoga Mat Model A', 3, 267.96, 407, '2024-11-17'),
(176, 'Children Storybook Set Model A', 1, 369.22, 511, '2025-06-14'),
(177, 'Cricket Bat', 2, 136.53, 266, '2025-04-01'),
(178, 'Cookware Set', 5, 348.74, 502, '2024-07-23'),
(179, 'Men T-Shirt Model A', 8, 92.77, 730, '2025-03-31'),
(180, 'Bluetooth Speaker', 6, 335.91, 726, '2024-03-07'),
(181, 'Face Cream', 3, 357.5, 949, '2025-10-15'),
(182, 'Blender', 4, 67.59, 205, '2024-05-22'),
(183, 'Novel: The River', 1, 185.2, 586, '2025-01-12'),
(184, 'Educational Puzzle', 3, 308.47, 88, '2024-03-08'),
(185, 'Face Cream Plus', 7, 385.66, 843, '2025-08-11'),
(186, 'Bluetooth Speaker Pro', 2, 228.94, 696, '2025-06-13'),
(187, 'Yoga Mat X', 3, 384.98, 132, '2025-03-19'),
(188, 'Coffee Beans 250g', 1, 416.21, 530, '2024-06-05'),
(189, 'Face Cream Pro', 4, 177.9, 963, '2025-06-15'),
(190, 'Face Cream', 5, 104.38, 979, '2025-07-18'),
(191, 'Children Storybook Set Pro', 2, 254.76, 172, '2025-08-29'),
(192, 'Women Kurta X', 6, 421.68, 577, '2024-02-12'),
(193, 'Wireless Headphones X', 5, 327.7, 785, '2025-08-08'),
(194, 'Building Blocks Toy', 1, 252.54, 642, '2025-07-12'),
(195, 'Face Cream', 5, 245.13, 824, '2025-02-19'),
(196, 'Face Cream Model A', 3, 223.85, 495, '2025-04-20'),
(197, 'Cookware Set Model B', 6, 430.99, 326, '2024-12-19'),
(198, 'Cricket Bat Pro', 2, 164.69, 477, '2024-05-05'),
(199, 'Children Storybook Set Model B', 2, 32.85, 968, '2025-01-28'),
(200, 'Building Blocks Toy Model B', 6, 466.47, 738, '2024-11-16');

INSERT INTO orders (order_id, customer_id, order_date, status, total_amount) VALUES
(1, 49, '2024-06-12', 'Completed', 93.66),
(2, 132, '2025-04-23', 'Completed', 257.86),
(3, 79, '2025-05-24', 'Completed', 273.25),
(4, 101, '2025-06-01', 'Completed', 214.29),
(5, 62, '2024-08-08', 'Completed', 473.01),
(6, 13, '2024-02-21', 'Completed', 1149.6),
(7, 153, '2025-10-31', 'Completed', 360.81),
(8, 74, '2025-07-03', 'Completed', 1103.68),
(9, 28, '2025-03-17', 'Completed', 361.76),
(10, 68, '2025-01-09', 'Pending', 1035.46),
(11, 94, '2024-02-16', 'Completed', 80.72),
(12, 146, '2025-07-29', 'Completed', 360.81),
(13, 142, '2024-10-22', 'Completed', 337.55),
(14, 130, '2025-04-06', 'Pending', 476.12),
(15, 72, '2025-09-30', 'Completed', 883.03),
(16, 31, '2024-05-11', 'Cancelled', 1257.15),
(17, 101, '2025-01-17', 'Pending', 51.27),
(18, 87, '2025-07-25', 'Cancelled', 327.7),
(19, 194, '2024-05-27', 'Completed', 330.91),
(20, 131, '2025-02-15', 'Completed', 282.75),
(21, 12, '2024-02-09', 'Completed', 395.16),
(22, 86, '2025-04-30', 'Completed', 217.54),
(23, 39, '2025-09-12', 'Pending', 810.93),
(24, 36, '2024-12-01', 'Cancelled', 620.62),
(25, 82, '2024-06-15', 'Completed', 788.76),
(26, 158, '2024-11-02', 'Completed', 488.17),
(27, 130, '2025-06-05', 'Completed', 396.57),
(28, 182, '2025-07-30', 'Completed', 740.77),
(29, 5, '2025-01-12', 'Completed', 359.42),
(30, 29, '2025-03-02', 'Completed', 620.82),
(31, 186, '2025-10-06', 'Completed', 874.31),
(32, 122, '2024-09-28', 'Cancelled', 155.87),
(33, 199, '2025-08-15', 'Completed', 689.34),
(34, 185, '2024-02-22', 'Completed', 674.53),
(35, 44, '2025-06-20', 'Completed', 338.36),
(36, 159, '2025-01-24', 'Completed', 317.9),
(37, 175, '2024-09-05', 'Completed', 388.21),
(38, 180, '2024-04-22', 'Completed', 56.78),
(39, 113, '2024-11-17', 'Completed', 1227.45),
(40, 106, '2024-07-27', 'Completed', 689.1),
(41, 199, '2025-09-18', 'Cancelled', 180.67),
(42, 189, '2024-03-04', 'Completed', 383.2),
(43, 133, '2024-07-31', 'Completed', 378.29),
(44, 170, '2025-05-04', 'Completed', 795.96),
(45, 81, '2024-06-26', 'Completed', 316.47),
(46, 137, '2024-12-16', 'Completed', 238.47),
(47, 174, '2025-11-28', 'Completed', 1177.98),
(48, 178, '2024-09-27', 'Completed', 396.86),
(49, 50, '2024-09-09', 'Completed', 210.12),
(50, 77, '2024-08-18', 'Cancelled', 362.72),
(51, 77, '2024-10-22', 'Completed', 21.2),
(52, 177, '2025-05-15', 'Completed', 1082.43),
(53, 90, '2025-07-27', 'Cancelled', 279.68),
(54, 185, '2024-10-07', 'Completed', 442.35),
(55, 147, '2025-11-23', 'Completed', 327.12),
(56, 102, '2024-12-19', 'Cancelled', 883.71),
(57, 38, '2024-10-24', 'Completed', 441.94),
(58, 183, '2024-03-21', 'Completed', 82.5),
(59, 114, '2025-11-02', 'Completed', 166.25),
(60, 123, '2024-08-07', 'Completed', 312.28),
(61, 138, '2024-10-04', 'Cancelled', 17.33),
(62, 179, '2024-10-05', 'Completed', 438.64),
(63, 158, '2025-08-23', 'Completed', 188.61),
(64, 13, '2025-11-16', 'Cancelled', 238.47),
(65, 58, '2025-10-15', 'Completed', 765.36),
(66, 26, '2025-02-27', 'Completed', 142.69),
(67, 121, '2024-04-12', 'Completed', 498.31),
(68, 36, '2024-01-06', 'Cancelled', 290.94),
(69, 41, '2025-02-20', 'Completed', 783.94),
(70, 122, '2025-05-03', 'Completed', 349.77),
(71, 194, '2024-10-21', 'Completed', 306.07),
(72, 166, '2024-03-01', 'Cancelled', 140.5),
(73, 23, '2025-10-29', 'Completed', 735.39),
(74, 137, '2024-02-08', 'Cancelled', 353.79),
(75, 45, '2025-03-03', 'Pending', 327.7),
(76, 46, '2024-02-07', 'Cancelled', 301.25),
(77, 102, '2025-05-22', 'Completed', 483.14),
(78, 192, '2024-10-23', 'Pending', 376.48),
(79, 3, '2024-11-01', 'Completed', 251.21),
(80, 28, '2024-12-09', 'Completed', 336.83),
(81, 165, '2025-07-10', 'Completed', 252.54),
(82, 35, '2025-05-31', 'Completed', 290.94),
(83, 50, '2024-04-25', 'Completed', 416.92),
(84, 188, '2025-04-14', 'Completed', 92.77),
(85, 184, '2024-07-09', 'Completed', 436.64),
(86, 87, '2024-10-29', 'Completed', 689.27),
(87, 194, '2024-07-16', 'Completed', 305.1),
(88, 164, '2025-02-19', 'Pending', 189.7),
(89, 132, '2024-12-01', 'Completed', 498.31),
(90, 172, '2024-04-07', 'Completed', 454.54),
(91, 36, '2025-05-03', 'Completed', 689.25),
(92, 64, '2024-01-07', 'Completed', 332.27),
(93, 61, '2025-04-02', 'Pending', 226.12),
(94, 85, '2024-11-05', 'Completed', 771.32),
(95, 147, '2024-01-12', 'Completed', 709.01),
(96, 93, '2024-08-29', 'Completed', 681.78),
(97, 31, '2025-04-21', 'Completed', 14.87),
(98, 104, '2025-05-29', 'Cancelled', 80.72),
(99, 181, '2024-11-14', 'Completed', 383.2),
(100, 164, '2024-10-29', 'Completed', 282.43),
(101, 57, '2024-08-12', 'Cancelled', 395.16),
(102, 123, '2024-06-05', 'Completed', 1474.82),
(103, 156, '2025-01-17', 'Completed', 261.65),
(104, 141, '2025-04-27', 'Pending', 116.27),
(105, 171, '2024-08-11', 'Pending', 257.39),
(106, 175, '2025-09-02', 'Pending', 351.57),
(107, 21, '2025-06-22', 'Completed', 1491.44),
(108, 181, '2025-01-05', 'Completed', 348.74),
(109, 145, '2024-04-24', 'Completed', 290.7),
(110, 141, '2025-06-01', 'Completed', 115.53),
(111, 138, '2024-06-02', 'Completed', 800.51),
(112, 134, '2025-03-28', 'Completed', 738.44),
(113, 53, '2025-08-20', 'Completed', 360.81),
(114, 131, '2025-04-01', 'Pending', 620.57),
(115, 117, '2024-05-15', 'Completed', 645.31),
(116, 117, '2025-07-31', 'Completed', 375.01),
(117, 119, '2025-11-19', 'Pending', 476.48),
(118, 186, '2024-01-23', 'Completed', 373.41),
(119, 1, '2024-08-11', 'Completed', 858.57),
(120, 12, '2025-03-09', 'Completed', 374.56),
(121, 17, '2025-07-08', 'Cancelled', 613.76),
(122, 18, '2025-04-28', 'Completed', 442.35),
(123, 105, '2024-07-03', 'Pending', 461.84),
(124, 197, '2025-10-18', 'Cancelled', 487.09),
(125, 166, '2025-03-06', 'Completed', 412.2),
(126, 98, '2025-04-04', 'Pending', 520.53),
(127, 97, '2025-01-19', 'Completed', 356.88),
(128, 170, '2025-07-06', 'Completed', 223.85),
(129, 90, '2024-05-01', 'Completed', 872.55),
(130, 138, '2025-02-06', 'Completed', 99.67),
(131, 187, '2024-08-16', 'Pending', 466.47),
(132, 194, '2024-01-24', 'Cancelled', 942.06),
(133, 119, '2025-11-20', 'Completed', 823.37),
(134, 109, '2025-06-28', 'Completed', 273.25),
(135, 59, '2024-09-10', 'Completed', 300.17),
(136, 40, '2024-10-09', 'Completed', 824.58),
(137, 186, '2024-04-25', 'Completed', 472.6),
(138, 170, '2025-03-05', 'Completed', 842.67),
(139, 5, '2024-09-03', 'Completed', 1349.09),
(140, 26, '2025-08-31', 'Completed', 305.41),
(141, 154, '2025-11-19', 'Completed', 227.54),
(142, 13, '2024-09-07', 'Completed', 198.83),
(143, 103, '2025-03-25', 'Completed', 966.78),
(144, 56, '2024-02-27', 'Completed', 2050.23),
(145, 75, '2024-08-27', 'Pending', 520.58),
(146, 188, '2025-08-12', 'Completed', 255.73),
(147, 154, '2025-11-19', 'Pending', 357.79),
(148, 61, '2024-11-05', 'Pending', 85.29),
(149, 170, '2025-06-17', 'Completed', 38.84),
(150, 77, '2024-10-08', 'Completed', 136.53),
(151, 152, '2024-06-28', 'Completed', 133.37),
(152, 110, '2025-07-23', 'Completed', 617.29),
(153, 89, '2025-10-20', 'Completed', 97.28),
(154, 135, '2024-11-22', 'Completed', 512.34),
(155, 105, '2024-06-01', 'Completed', 368.7),
(156, 48, '2025-07-04', 'Completed', 179.51),
(157, 58, '2024-11-03', 'Pending', 301.64),
(158, 37, '2025-04-19', 'Cancelled', 228.62),
(159, 144, '2025-02-26', 'Cancelled', 335.91),
(160, 143, '2025-06-26', 'Completed', 347.87),
(161, 63, '2024-09-18', 'Completed', 40.36),
(162, 166, '2024-03-21', 'Cancelled', 446.94),
(163, 95, '2024-04-04', 'Completed', 363.77),
(164, 49, '2024-02-22', 'Completed', 482.4),
(165, 173, '2025-09-11', 'Completed', 332.27),
(166, 19, '2024-07-11', 'Pending', 171.68),
(167, 151, '2025-11-18', 'Completed', 252.54),
(168, 123, '2024-08-01', 'Pending', 38.84),
(169, 86, '2024-11-06', 'Cancelled', 345.36),
(170, 4, '2024-08-04', 'Cancelled', 257.86),
(171, 190, '2024-04-30', 'Completed', 223.85),
(172, 194, '2025-05-05', 'Cancelled', 134.24),
(173, 179, '2025-09-10', 'Completed', 234.72),
(174, 102, '2024-09-02', 'Completed', 357.3),
(175, 199, '2024-10-16', 'Completed', 563.0),
(176, 137, '2025-10-26', 'Completed', 374.56),
(177, 67, '2025-01-03', 'Completed', 592.53),
(178, 128, '2025-04-22', 'Completed', 48.12),
(179, 185, '2025-04-25', 'Pending', 529.46),
(180, 82, '2024-07-27', 'Completed', 97.11),
(181, 106, '2024-02-16', 'Completed', 672.85),
(182, 57, '2024-05-29', 'Completed', 269.03),
(183, 142, '2025-08-21', 'Completed', 355.12),
(184, 107, '2024-10-29', 'Completed', 693.76),
(185, 85, '2024-08-23', 'Completed', 152.47),
(186, 63, '2025-05-26', 'Completed', 73.5),
(187, 176, '2024-12-11', 'Completed', 217.54),
(188, 126, '2025-10-19', 'Completed', 34.75),
(189, 118, '2024-06-21', 'Completed', 853.92),
(190, 91, '2024-06-22', 'Completed', 17.33),
(191, 140, '2025-05-15', 'Completed', 312.28),
(192, 139, '2025-10-19', 'Cancelled', 507.48),
(193, 135, '2024-02-04', 'Pending', 177.9),
(194, 20, '2025-11-15', 'Completed', 488.17),
(195, 2, '2025-02-26', 'Completed', 280.89),
(196, 162, '2024-08-24', 'Completed', 82.5),
(197, 39, '2024-01-10', 'Completed', 1022.62),
(198, 117, '2025-01-17', 'Completed', 578.56),
(199, 164, '2025-11-13', 'Cancelled', 951.57),
(200, 124, '2025-11-06', 'Completed', 106.1),
(201, 2, '2025-06-28', 'Completed', 374.56),
(202, 4, '2024-01-18', 'Completed', 144.63),
(203, 71, '2025-07-02', 'Cancelled', 69.96),
(204, 5, '2025-05-29', 'Pending', 97.11),
(205, 173, '2025-03-16', 'Pending', 999.03),
(206, 46, '2024-04-19', 'Cancelled', 268.65),
(207, 135, '2024-06-01', 'Completed', 630.96),
(208, 159, '2025-06-23', 'Completed', 365.08),
(209, 91, '2024-09-30', 'Pending', 45.89),
(210, 21, '2025-01-17', 'Cancelled', 170.13),
(211, 118, '2025-08-01', 'Completed', 349.77),
(212, 179, '2024-08-19', 'Completed', 631.68),
(213, 21, '2025-10-31', 'Cancelled', 790.32),
(214, 167, '2024-02-02', 'Completed', 596.25),
(215, 98, '2025-01-21', 'Completed', 679.26),
(216, 15, '2025-10-14', 'Completed', 672.0),
(217, 44, '2024-03-25', 'Completed', 332.51),
(218, 112, '2025-10-22', 'Pending', 267.96),
(219, 145, '2024-04-07', 'Pending', 1041.45),
(220, 11, '2024-08-23', 'Completed', 873.27),
(221, 178, '2025-08-03', 'Completed', 142.15),
(222, 12, '2024-03-17', 'Completed', 310.41),
(223, 72, '2025-07-10', 'Completed', 488.46),
(224, 9, '2024-07-02', 'Cancelled', 268.4),
(225, 81, '2024-01-17', 'Cancelled', 402.57),
(226, 151, '2024-05-27', 'Pending', 652.98),
(227, 183, '2025-02-11', 'Cancelled', 67.59),
(228, 77, '2024-06-15', 'Completed', 223.85),
(229, 146, '2025-02-02', 'Completed', 712.08),
(230, 139, '2024-12-05', 'Completed', 40.36),
(231, 190, '2024-05-23', 'Pending', 217.54),
(232, 177, '2024-03-21', 'Completed', 680.73),
(233, 89, '2024-02-24', 'Completed', 543.91),
(234, 60, '2024-03-18', 'Completed', 979.26),
(235, 197, '2025-09-20', 'Cancelled', 476.48),
(236, 102, '2024-11-30', 'Completed', 348.84),
(237, 70, '2025-04-06', 'Completed', 1294.15),
(238, 92, '2025-07-20', 'Cancelled', 189.7),
(239, 111, '2024-07-09', 'Completed', 378.29),
(240, 170, '2025-01-24', 'Completed', 976.72),
(241, 159, '2024-10-29', 'Pending', 1098.5),
(242, 183, '2024-03-16', 'Completed', 103.14),
(243, 40, '2025-01-24', 'Completed', 45.89),
(244, 163, '2024-06-06', 'Completed', 280.59),
(245, 82, '2025-01-04', 'Completed', 92.77),
(246, 2, '2024-11-11', 'Completed', 329.5),
(247, 195, '2024-10-03', 'Completed', 681.04),
(248, 23, '2024-07-10', 'Completed', 736.78),
(249, 143, '2025-07-22', 'Completed', 1742.38),
(250, 27, '2024-01-27', 'Completed', 442.92),
(251, 142, '2024-04-05', 'Completed', 1274.28),
(252, 84, '2025-01-29', 'Completed', 506.73),
(253, 106, '2025-02-01', 'Pending', 267.7),
(254, 186, '2025-07-26', 'Cancelled', 56.78),
(255, 63, '2025-08-08', 'Completed', 272.44),
(256, 176, '2025-01-24', 'Completed', 480.11),
(257, 69, '2024-11-04', 'Completed', 1270.27),
(258, 38, '2024-03-05', 'Completed', 332.27),
(259, 71, '2025-03-07', 'Completed', 354.73),
(260, 20, '2025-01-04', 'Completed', 1446.95),
(261, 64, '2025-10-02', 'Completed', 123.77),
(262, 158, '2024-07-19', 'Completed', 417.44),
(263, 35, '2024-11-07', 'Completed', 228.82),
(264, 102, '2024-12-06', 'Pending', 432.35),
(265, 98, '2024-12-03', 'Completed', 467.23),
(266, 111, '2025-10-28', 'Cancelled', 499.13),
(267, 35, '2024-11-03', 'Completed', 797.8),
(268, 178, '2024-07-24', 'Completed', 776.2),
(269, 46, '2025-02-11', 'Cancelled', 386.55),
(270, 75, '2025-10-10', 'Completed', 488.36),
(271, 148, '2024-09-05', 'Completed', 333.01),
(272, 72, '2025-02-06', 'Completed', 529.77),
(273, 145, '2024-07-23', 'Completed', 1118.58),
(274, 140, '2024-07-03', 'Completed', 97.11),
(275, 141, '2024-01-28', 'Cancelled', 257.86),
(276, 119, '2024-08-02', 'Completed', 893.11),
(277, 75, '2024-03-11', 'Pending', 41.69),
(278, 105, '2025-11-20', 'Completed', 208.58),
(279, 163, '2024-11-06', 'Completed', 278.46),
(280, 169, '2024-06-06', 'Completed', 162.93),
(281, 97, '2024-03-16', 'Completed', 788.3),
(282, 154, '2025-05-05', 'Completed', 280.59),
(283, 137, '2025-06-02', 'Cancelled', 230.77),
(284, 178, '2025-03-04', 'Completed', 44.27),
(285, 93, '2025-07-03', 'Completed', 864.71),
(286, 22, '2024-04-21', 'Pending', 145.44),
(287, 169, '2025-11-11', 'Completed', 543.8),
(288, 166, '2025-09-19', 'Completed', 370.92),
(289, 166, '2025-11-24', 'Completed', 164.22),
(290, 193, '2024-12-05', 'Cancelled', 536.64),
(291, 111, '2024-04-18', 'Completed', 209.73),
(292, 67, '2024-08-15', 'Completed', 565.02),
(293, 133, '2025-07-25', 'Completed', 349.77),
(294, 148, '2024-08-14', 'Completed', 257.86),
(295, 101, '2025-04-19', 'Pending', 769.96),
(296, 151, '2025-05-27', 'Completed', 162.93),
(297, 7, '2025-05-09', 'Completed', 61.2),
(298, 107, '2024-03-28', 'Completed', 360.81),
(299, 187, '2024-05-25', 'Completed', 265.32),
(300, 88, '2025-04-11', 'Pending', 670.46);

INSERT INTO orders (order_id, customer_id, order_date, status, total_amount) VALUES
(301, 134, '2025-05-09', 'Completed', 447.27),
(302, 25, '2025-03-24', 'Completed', 1830.84),
(303, 116, '2024-11-22', 'Completed', 358.15),
(304, 12, '2024-04-27', 'Completed', 581.88),
(305, 88, '2025-10-25', 'Completed', 83.38),
(306, 43, '2024-09-06', 'Completed', 388.21),
(307, 142, '2024-06-12', 'Completed', 97.28),
(308, 110, '2025-04-18', 'Completed', 375.01),
(309, 104, '2025-10-06', 'Completed', 524.1),
(310, 164, '2025-11-04', 'Completed', 634.63),
(311, 8, '2025-09-20', 'Pending', 349.43),
(312, 116, '2025-08-29', 'Completed', 533.97),
(313, 2, '2024-08-07', 'Completed', 368.7),
(314, 193, '2024-03-05', 'Completed', 365.08),
(315, 138, '2024-07-10', 'Completed', 97.28),
(316, 51, '2025-04-13', 'Completed', 816.31),
(317, 172, '2025-05-16', 'Completed', 515.99),
(318, 164, '2024-11-16', 'Completed', 140.13),
(319, 157, '2025-02-05', 'Completed', 318.01),
(320, 90, '2024-12-26', 'Pending', 378.43),
(321, 159, '2024-06-25', 'Pending', 868.58),
(322, 181, '2024-10-31', 'Cancelled', 281.18),
(323, 152, '2024-03-27', 'Completed', 483.14),
(324, 81, '2024-04-30', 'Completed', 139.87),
(325, 30, '2024-07-06', 'Completed', 71.43),
(326, 37, '2025-06-07', 'Completed', 269.79),
(327, 153, '2024-05-21', 'Completed', 219.43),
(328, 109, '2024-07-09', 'Completed', 164.69),
(329, 138, '2025-10-22', 'Cancelled', 1333.98),
(330, 45, '2025-07-22', 'Completed', 461.84),
(331, 74, '2024-05-23', 'Completed', 549.26),
(332, 116, '2025-09-26', 'Completed', 346.94),
(333, 92, '2024-01-10', 'Completed', 483.14),
(334, 50, '2025-01-28', 'Cancelled', 1203.95),
(335, 130, '2025-10-30', 'Completed', 45.89),
(336, 176, '2025-05-18', 'Completed', 154.97),
(337, 114, '2025-05-15', 'Completed', 69.96),
(338, 145, '2024-02-01', 'Pending', 676.72),
(339, 57, '2024-10-26', 'Completed', 133.37),
(340, 58, '2025-07-04', 'Completed', 324.53),
(341, 200, '2025-04-13', 'Completed', 115.53),
(342, 198, '2025-05-22', 'Completed', 585.16),
(343, 29, '2025-08-09', 'Completed', 127.9),
(344, 199, '2025-07-10', 'Pending', 791.75),
(345, 94, '2025-07-09', 'Pending', 685.26),
(346, 11, '2025-03-27', 'Completed', 333.01),
(347, 109, '2024-04-14', 'Completed', 1803.33),
(348, 168, '2024-09-10', 'Completed', 94.4),
(349, 9, '2025-04-05', 'Completed', 222.19),
(350, 23, '2025-03-25', 'Pending', 46.67),
(351, 31, '2024-08-30', 'Completed', 394.82),
(352, 189, '2025-08-25', 'Completed', 181.79),
(353, 182, '2025-09-16', 'Completed', 482.4),
(354, 43, '2025-09-22', 'Completed', 546.37),
(355, 53, '2024-07-30', 'Pending', 1525.0),
(356, 146, '2024-12-25', 'Completed', 819.2),
(357, 153, '2025-07-05', 'Completed', 22.22),
(358, 181, '2024-10-26', 'Completed', 326.66),
(359, 69, '2025-06-10', 'Cancelled', 442.35),
(360, 174, '2024-04-07', 'Completed', 483.39),
(361, 193, '2025-02-25', 'Cancelled', 924.7),
(362, 71, '2025-11-02', 'Completed', 1394.93),
(363, 34, '2024-09-12', 'Completed', 338.36),
(364, 83, '2024-09-10', 'Pending', 546.34),
(365, 174, '2025-02-06', 'Completed', 34.66),
(366, 148, '2025-10-09', 'Completed', 1449.42),
(367, 107, '2025-01-19', 'Completed', 52.84),
(368, 163, '2024-04-05', 'Completed', 489.56),
(369, 192, '2024-10-11', 'Completed', 483.54),
(370, 95, '2025-04-10', 'Cancelled', 327.55),
(371, 84, '2025-08-18', 'Completed', 180.66),
(372, 199, '2024-04-05', 'Completed', 1129.44),
(373, 118, '2025-10-12', 'Completed', 1190.98),
(374, 92, '2024-03-05', 'Pending', 72.72),
(375, 102, '2024-08-11', 'Cancelled', 484.14),
(376, 55, '2025-05-21', 'Completed', 363.77),
(377, 73, '2024-12-11', 'Completed', 325.2),
(378, 34, '2025-08-02', 'Pending', 258.65),
(379, 88, '2025-11-29', 'Pending', 167.79),
(380, 12, '2024-04-11', 'Completed', 363.77),
(381, 118, '2024-01-17', 'Completed', 470.06),
(382, 41, '2025-03-27', 'Completed', 210.12),
(383, 110, '2024-07-26', 'Cancelled', 792.56),
(384, 34, '2025-10-27', 'Completed', 290.7),
(385, 71, '2024-04-05', 'Completed', 333.01),
(386, 65, '2024-03-25', 'Completed', 1176.4),
(387, 167, '2024-06-18', 'Completed', 1126.2),
(388, 161, '2024-11-08', 'Completed', 202.96),
(389, 194, '2024-08-27', 'Completed', 238.47),
(390, 24, '2024-04-07', 'Completed', 171.68),
(391, 123, '2024-03-20', 'Completed', 22.22),
(392, 58, '2025-06-15', 'Completed', 508.09),
(393, 3, '2024-01-09', 'Completed', 382.17),
(394, 31, '2025-03-08', 'Completed', 396.57),
(395, 123, '2024-03-13', 'Completed', 390.25),
(396, 23, '2024-04-14', 'Completed', 630.18),
(397, 95, '2024-11-02', 'Completed', 280.89),
(398, 199, '2024-05-16', 'Completed', 65.7),
(399, 174, '2024-05-26', 'Completed', 408.71),
(400, 145, '2024-01-09', 'Completed', 208.87),
(401, 43, '2025-03-26', 'Completed', 335.91),
(402, 55, '2025-10-05', 'Completed', 421.68),
(403, 106, '2025-09-22', 'Completed', 576.0),
(404, 56, '2024-03-29', 'Pending', 223.0),
(405, 36, '2024-05-06', 'Completed', 121.19),
(406, 99, '2024-12-25', 'Cancelled', 296.61),
(407, 81, '2024-05-23', 'Completed', 177.48),
(408, 166, '2024-03-27', 'Completed', 476.12),
(409, 154, '2025-09-06', 'Completed', 120.74),
(410, 73, '2024-01-28', 'Pending', 442.35),
(411, 169, '2024-11-04', 'Completed', 802.59),
(412, 156, '2025-06-05', 'Completed', 620.82),
(413, 101, '2024-10-29', 'Completed', 780.48),
(414, 62, '2025-05-21', 'Completed', 1001.22),
(415, 62, '2025-05-26', 'Completed', 388.21),
(416, 19, '2025-06-24', 'Pending', 346.05),
(417, 4, '2025-01-04', 'Cancelled', 316.47),
(418, 34, '2025-01-31', 'Pending', 541.81),
(419, 146, '2025-03-06', 'Completed', 208.58),
(420, 175, '2024-06-25', 'Pending', 565.49),
(421, 198, '2024-03-15', 'Completed', 723.12),
(422, 18, '2024-01-15', 'Completed', 74.67),
(423, 11, '2024-03-02', 'Cancelled', 82.5),
(424, 102, '2025-06-02', 'Completed', 758.95),
(425, 183, '2025-05-28', 'Pending', 1586.61),
(426, 109, '2025-02-15', 'Completed', 257.86),
(427, 138, '2025-07-04', 'Completed', 452.83),
(428, 72, '2024-03-26', 'Completed', 435.02),
(429, 131, '2024-07-27', 'Cancelled', 692.31),
(430, 40, '2025-07-03', 'Completed', 232.28),
(431, 151, '2025-10-11', 'Pending', 321.19),
(432, 167, '2025-11-28', 'Completed', 1089.35),
(433, 80, '2025-03-23', 'Completed', 915.74),
(434, 62, '2024-02-29', 'Completed', 488.17),
(435, 112, '2024-04-28', 'Completed', 896.48),
(436, 156, '2024-02-26', 'Completed', 1308.11),
(437, 190, '2025-11-04', 'Completed', 164.69),
(438, 31, '2024-01-13', 'Completed', 254.93),
(439, 180, '2024-01-12', 'Completed', 127.9),
(440, 89, '2025-06-19', 'Completed', 356.79),
(441, 185, '2024-09-22', 'Completed', 1180.66),
(442, 33, '2024-10-02', 'Completed', 85.27),
(443, 31, '2024-01-31', 'Completed', 324.53),
(444, 110, '2024-10-05', 'Completed', 240.37),
(445, 68, '2025-08-13', 'Completed', 607.56),
(446, 128, '2025-04-11', 'Completed', 70.94),
(447, 15, '2025-05-26', 'Pending', 121.34),
(448, 43, '2025-01-11', 'Completed', 1363.76),
(449, 198, '2024-04-15', 'Pending', 76.21),
(450, 173, '2024-04-28', 'Completed', 517.59),
(451, 131, '2024-01-03', 'Completed', 453.93),
(452, 4, '2024-09-07', 'Completed', 238.47),
(453, 94, '2025-01-27', 'Cancelled', 1530.23),
(454, 46, '2024-02-06', 'Completed', 254.66),
(455, 183, '2025-11-02', 'Completed', 513.25),
(456, 83, '2024-09-11', 'Completed', 769.14),
(457, 185, '2024-11-23', 'Completed', 430.99),
(458, 20, '2025-08-08', 'Completed', 376.48),
(459, 129, '2025-11-20', 'Cancelled', 553.35),
(460, 46, '2024-08-16', 'Pending', 651.02),
(461, 12, '2025-02-14', 'Completed', 67.62),
(462, 120, '2024-10-16', 'Pending', 280.89),
(463, 80, '2024-12-01', 'Completed', 332.51),
(464, 117, '2024-01-09', 'Completed', 38.84),
(465, 75, '2025-07-31', 'Pending', 357.5),
(466, 190, '2025-09-29', 'Completed', 376.48),
(467, 95, '2025-08-28', 'Cancelled', 447.27),
(468, 198, '2024-07-19', 'Completed', 227.54),
(469, 140, '2024-09-08', 'Completed', 1447.2),
(470, 105, '2024-01-25', 'Completed', 24.06),
(471, 89, '2025-10-13', 'Pending', 835.6),
(472, 3, '2024-12-09', 'Completed', 234.72),
(473, 169, '2025-01-20', 'Pending', 178.85),
(474, 187, '2024-11-10', 'Completed', 424.01),
(475, 136, '2024-08-31', 'Completed', 823.25),
(476, 16, '2024-05-25', 'Completed', 426.72),
(477, 24, '2024-02-14', 'Cancelled', 248.05),
(478, 134, '2025-02-26', 'Completed', 562.36),
(479, 96, '2025-04-14', 'Cancelled', 1468.68),
(480, 22, '2025-08-17', 'Completed', 476.48),
(481, 35, '2025-10-14', 'Pending', 612.63),
(482, 20, '2025-08-29', 'Completed', 719.11),
(483, 112, '2025-11-09', 'Cancelled', 208.76),
(484, 61, '2024-10-25', 'Completed', 611.14),
(485, 81, '2025-02-06', 'Completed', 355.12),
(486, 189, '2024-11-30', 'Completed', 278.77),
(487, 70, '2024-08-27', 'Completed', 797.09),
(488, 52, '2024-05-19', 'Pending', 231.32),
(489, 150, '2024-04-21', 'Completed', 324.53),
(490, 43, '2025-04-05', 'Completed', 29.38),
(491, 105, '2024-05-03', 'Completed', 948.8),
(492, 198, '2024-07-31', 'Completed', 375.01),
(493, 119, '2024-09-28', 'Pending', 288.95),
(494, 24, '2024-06-10', 'Pending', 223.85),
(495, 78, '2025-09-09', 'Completed', 635.56),
(496, 84, '2024-05-31', 'Completed', 541.97),
(497, 64, '2024-12-30', 'Completed', 553.52),
(498, 13, '2025-11-24', 'Completed', 655.28),
(499, 45, '2024-02-01', 'Cancelled', 414.68),
(500, 116, '2025-07-23', 'Completed', 461.84),
(501, 64, '2024-04-06', 'Completed', 228.62),
(502, 36, '2024-05-04', 'Completed', 789.64),
(503, 200, '2024-08-15', 'Completed', 203.98),
(504, 103, '2025-01-16', 'Completed', 239.88),
(505, 166, '2024-03-27', 'Completed', 483.14),
(506, 67, '2024-03-17', 'Completed', 454.51),
(507, 17, '2024-07-21', 'Cancelled', 67.62),
(508, 114, '2024-05-11', 'Completed', 273.25),
(509, 85, '2024-05-05', 'Completed', 300.17),
(510, 119, '2024-02-21', 'Completed', 439.98),
(511, 147, '2025-03-19', 'Pending', 420.58),
(512, 102, '2025-05-23', 'Completed', 280.59),
(513, 175, '2025-03-12', 'Completed', 901.25),
(514, 55, '2024-07-10', 'Completed', 280.89),
(515, 115, '2024-06-01', 'Completed', 416.21),
(516, 159, '2025-09-23', 'Completed', 338.07),
(517, 76, '2025-05-25', 'Completed', 217.54),
(518, 141, '2025-05-05', 'Completed', 454.51),
(519, 72, '2025-01-27', 'Completed', 351.57),
(520, 52, '2025-10-20', 'Pending', 756.21),
(521, 135, '2024-09-12', 'Completed', 180.74),
(522, 140, '2024-01-20', 'Cancelled', 82.5),
(523, 183, '2025-01-02', 'Completed', 414.33),
(524, 125, '2024-12-18', 'Cancelled', 649.81),
(525, 129, '2024-11-25', 'Completed', 1412.92),
(526, 47, '2024-01-27', 'Completed', 97.28),
(527, 57, '2024-01-31', 'Pending', 223.85),
(528, 200, '2024-10-14', 'Completed', 77.68),
(529, 121, '2025-06-26', 'Completed', 691.47),
(530, 150, '2024-08-26', 'Cancelled', 185.54),
(531, 26, '2024-09-10', 'Completed', 856.51),
(532, 69, '2025-06-30', 'Pending', 225.46),
(533, 189, '2024-02-27', 'Pending', 116.27),
(534, 57, '2025-08-12', 'Pending', 534.7),
(535, 100, '2024-12-29', 'Cancelled', 913.78),
(536, 45, '2024-06-29', 'Completed', 480.74),
(537, 82, '2025-01-02', 'Cancelled', 393.06),
(538, 8, '2024-12-26', 'Cancelled', 938.54),
(539, 145, '2024-05-25', 'Completed', 180.66),
(540, 49, '2025-05-19', 'Completed', 824.99),
(541, 45, '2025-05-17', 'Completed', 945.05),
(542, 15, '2024-08-26', 'Completed', 369.22),
(543, 6, '2025-06-23', 'Completed', 892.28),
(544, 85, '2025-09-20', 'Completed', 1230.24),
(545, 34, '2024-12-14', 'Completed', 430.99),
(546, 83, '2024-03-01', 'Completed', 209.73),
(547, 151, '2024-05-25', 'Pending', 898.06),
(548, 135, '2025-01-08', 'Cancelled', 384.98),
(549, 96, '2025-11-09', 'Completed', 662.64),
(550, 26, '2024-12-10', 'Completed', 910.97),
(551, 35, '2024-06-10', 'Completed', 181.62),
(552, 112, '2025-10-16', 'Cancelled', 489.21),
(553, 167, '2024-11-20', 'Completed', 383.25),
(554, 144, '2025-09-20', 'Pending', 544.14),
(555, 58, '2025-11-12', 'Completed', 421.68),
(556, 45, '2025-01-22', 'Completed', 128.09),
(557, 177, '2024-10-28', 'Completed', 1095.24),
(558, 187, '2024-01-02', 'Cancelled', 880.29),
(559, 147, '2025-02-04', 'Pending', 311.02),
(560, 198, '2025-08-04', 'Completed', 423.08),
(561, 155, '2024-11-21', 'Cancelled', 186.67),
(562, 157, '2024-08-14', 'Completed', 22.22),
(563, 27, '2025-05-23', 'Completed', 188.61),
(564, 191, '2024-03-20', 'Completed', 783.41),
(565, 82, '2024-06-20', 'Completed', 208.71),
(566, 23, '2025-11-17', 'Completed', 52.84),
(567, 86, '2025-04-02', 'Completed', 245.13),
(568, 54, '2024-09-12', 'Completed', 164.22),
(569, 90, '2024-09-19', 'Pending', 268.65),
(570, 185, '2024-01-02', 'Completed', 142.69),
(571, 113, '2025-03-05', 'Cancelled', 563.78),
(572, 106, '2025-05-19', 'Pending', 614.66),
(573, 90, '2025-07-13', 'Completed', 308.47),
(574, 123, '2025-08-14', 'Completed', 232.28),
(575, 176, '2024-08-18', 'Completed', 313.03),
(576, 19, '2024-02-04', 'Completed', 301.64),
(577, 82, '2024-09-24', 'Cancelled', 554.65),
(578, 19, '2024-12-16', 'Completed', 330.91),
(579, 97, '2024-06-13', 'Completed', 560.28),
(580, 141, '2024-04-05', 'Completed', 457.39),
(581, 158, '2025-05-09', 'Completed', 307.44),
(582, 111, '2025-10-31', 'Completed', 189.7),
(583, 112, '2024-06-09', 'Completed', 478.24),
(584, 85, '2024-07-29', 'Cancelled', 337.55),
(585, 105, '2025-07-21', 'Completed', 324.53),
(586, 187, '2025-07-07', 'Completed', 51.27),
(587, 73, '2024-10-31', 'Completed', 827.51),
(588, 13, '2025-02-06', 'Completed', 22.22),
(589, 126, '2024-06-06', 'Completed', 217.54),
(590, 1, '2025-03-13', 'Completed', 478.24),
(591, 170, '2025-10-02', 'Completed', 92.77),
(592, 52, '2024-04-09', 'Completed', 273.25),
(593, 44, '2025-10-15', 'Completed', 832.78),
(594, 21, '2025-04-29', 'Pending', 404.35),
(595, 79, '2025-02-11', 'Completed', 61.2),
(596, 170, '2024-09-28', 'Completed', 228.1),
(597, 140, '2025-01-31', 'Completed', 396.48),
(598, 98, '2025-01-13', 'Completed', 396.57),
(599, 12, '2024-09-26', 'Completed', 104.86),
(600, 68, '2024-08-19', 'Pending', 1735.51);

INSERT INTO orders (order_id, customer_id, order_date, status, total_amount) VALUES
(601, 145, '2024-03-04', 'Completed', 610.03),
(602, 179, '2025-11-14', 'Completed', 489.56),
(603, 172, '2024-12-18', 'Pending', 442.92),
(604, 106, '2025-08-26', 'Completed', 451.15),
(605, 16, '2025-01-31', 'Pending', 267.96),
(606, 108, '2025-07-02', 'Completed', 40.36),
(607, 122, '2025-08-09', 'Pending', 349.77),
(608, 122, '2024-11-02', 'Completed', 202.32),
(609, 183, '2024-02-05', 'Completed', 223.85),
(610, 133, '2025-08-08', 'Completed', 475.9),
(611, 159, '2024-05-30', 'Completed', 853.44),
(612, 194, '2025-04-04', 'Completed', 578.26),
(613, 43, '2024-08-04', 'Pending', 278.46),
(614, 33, '2024-02-13', 'Completed', 133.37),
(615, 175, '2025-03-21', 'Completed', 332.5),
(616, 161, '2024-05-31', 'Pending', 164.69),
(617, 67, '2024-11-23', 'Cancelled', 556.33),
(618, 18, '2024-03-30', 'Completed', 579.51),
(619, 102, '2025-07-19', 'Completed', 32.85),
(620, 71, '2025-06-16', 'Completed', 751.49),
(621, 4, '2025-09-30', 'Completed', 265.32),
(622, 108, '2024-04-25', 'Completed', 724.73),
(623, 38, '2025-08-03', 'Completed', 200.18),
(624, 195, '2024-04-12', 'Cancelled', 455.46),
(625, 145, '2024-04-13', 'Pending', 456.02),
(626, 138, '2024-12-18', 'Pending', 156.78),
(627, 68, '2025-01-27', 'Completed', 251.35),
(628, 147, '2025-09-15', 'Completed', 282.43),
(629, 45, '2024-10-09', 'Completed', 40.36),
(630, 159, '2025-09-15', 'Completed', 30.58),
(631, 103, '2024-02-09', 'Completed', 725.73),
(632, 85, '2024-08-31', 'Completed', 228.1),
(633, 122, '2024-10-02', 'Pending', 563.68),
(634, 6, '2024-12-11', 'Pending', 180.74),
(635, 78, '2024-11-14', 'Completed', 67.59),
(636, 126, '2024-04-10', 'Cancelled', 166.25),
(637, 59, '2024-05-17', 'Completed', 358.69),
(638, 191, '2025-03-29', 'Pending', 644.72),
(639, 83, '2024-10-02', 'Completed', 779.58),
(640, 155, '2025-10-23', 'Completed', 261.19),
(641, 114, '2024-08-04', 'Cancelled', 1558.05),
(642, 105, '2025-05-11', 'Pending', 467.61),
(643, 96, '2024-02-27', 'Completed', 519.17),
(644, 41, '2024-03-08', 'Completed', 127.17),
(645, 130, '2025-02-17', 'Completed', 164.22),
(646, 135, '2025-08-05', 'Completed', 351.57),
(647, 50, '2024-07-24', 'Pending', 255.73),
(648, 64, '2024-02-03', 'Completed', 1314.41),
(649, 93, '2024-07-22', 'Completed', 677.13),
(650, 119, '2025-06-01', 'Completed', 507.69),
(651, 32, '2025-11-28', 'Completed', 281.18),
(652, 96, '2025-05-15', 'Completed', 1151.0),
(653, 46, '2025-04-30', 'Completed', 829.34),
(654, 90, '2024-12-18', 'Completed', 1776.29),
(655, 67, '2024-04-02', 'Completed', 548.5),
(656, 99, '2024-02-20', 'Completed', 377.22),
(657, 147, '2024-08-07', 'Pending', 390.25),
(658, 166, '2024-08-18', 'Completed', 41.69),
(659, 69, '2025-10-29', 'Completed', 60.37),
(660, 6, '2025-11-29', 'Completed', 812.65),
(661, 34, '2025-10-24', 'Completed', 224.94),
(662, 3, '2024-08-17', 'Completed', 865.05),
(663, 79, '2025-10-20', 'Completed', 171.68),
(664, 97, '2024-12-23', 'Completed', 188.61),
(665, 56, '2025-04-22', 'Completed', 1116.99),
(666, 134, '2025-09-30', 'Completed', 928.07),
(667, 27, '2024-01-08', 'Completed', 210.12),
(668, 170, '2025-01-18', 'Completed', 83.38),
(669, 153, '2025-09-15', 'Completed', 40.96),
(670, 176, '2024-04-20', 'Completed', 232.28),
(671, 87, '2024-10-10', 'Completed', 498.61),
(672, 71, '2024-09-24', 'Completed', 293.78),
(673, 167, '2024-11-01', 'Completed', 628.31),
(674, 133, '2024-09-03', 'Pending', 395.16),
(675, 154, '2025-02-17', 'Completed', 481.05),
(676, 175, '2024-05-23', 'Completed', 930.19),
(677, 168, '2025-05-24', 'Cancelled', 498.31),
(678, 67, '2025-03-04', 'Completed', 271.74),
(679, 189, '2024-02-06', 'Completed', 457.64),
(680, 147, '2024-07-13', 'Completed', 814.76),
(681, 183, '2024-08-15', 'Completed', 392.68),
(682, 164, '2025-05-02', 'Cancelled', 1521.5),
(683, 172, '2025-01-02', 'Completed', 914.07),
(684, 44, '2025-11-04', 'Pending', 729.71),
(685, 47, '2024-10-27', 'Completed', 428.18),
(686, 33, '2024-09-21', 'Completed', 268.65),
(687, 144, '2024-07-06', 'Cancelled', 238.09),
(688, 86, '2025-11-01', 'Completed', 208.58),
(689, 91, '2024-08-16', 'Completed', 177.9),
(690, 79, '2025-03-06', 'Pending', 157.44),
(691, 85, '2025-01-15', 'Completed', 139.12),
(692, 76, '2025-04-19', 'Pending', 458.48),
(693, 121, '2024-02-24', 'Pending', 337.55),
(694, 150, '2025-08-17', 'Cancelled', 432.24),
(695, 19, '2025-04-28', 'Pending', 396.57),
(696, 129, '2024-05-02', 'Pending', 115.53),
(697, 98, '2025-06-26', 'Completed', 227.54),
(698, 14, '2024-06-03', 'Completed', 133.37),
(699, 52, '2024-12-16', 'Completed', 836.81),
(700, 146, '2025-04-13', 'Completed', 1020.45),
(701, 184, '2024-07-03', 'Pending', 374.56),
(702, 125, '2024-12-06', 'Completed', 396.71),
(703, 46, '2024-11-16', 'Completed', 894.85),
(704, 2, '2025-04-07', 'Completed', 452.87),
(705, 195, '2024-06-21', 'Completed', 430.99),
(706, 41, '2025-05-16', 'Pending', 104.68),
(707, 200, '2024-03-31', 'Completed', 22.22),
(708, 112, '2025-10-10', 'Completed', 436.64),
(709, 110, '2025-05-03', 'Completed', 346.94),
(710, 10, '2025-06-30', 'Completed', 321.05),
(711, 96, '2024-01-15', 'Pending', 228.82),
(712, 194, '2025-06-27', 'Completed', 789.64),
(713, 174, '2024-01-05', 'Completed', 202.32),
(714, 64, '2024-08-19', 'Completed', 1104.68),
(715, 89, '2024-11-15', 'Completed', 316.47),
(716, 99, '2025-05-30', 'Completed', 483.39),
(717, 43, '2024-03-07', 'Pending', 594.95),
(718, 77, '2024-10-24', 'Completed', 251.03),
(719, 134, '2025-09-02', 'Completed', 482.4),
(720, 112, '2024-05-17', 'Completed', 222.95),
(721, 126, '2025-01-02', 'Pending', 1543.11),
(722, 43, '2025-02-17', 'Completed', 853.15),
(723, 58, '2024-05-14', 'Completed', 565.69),
(724, 6, '2025-08-26', 'Completed', 804.74),
(725, 32, '2025-01-10', 'Completed', 265.32),
(726, 10, '2025-01-19', 'Pending', 863.22),
(727, 66, '2025-07-01', 'Completed', 475.02),
(728, 153, '2024-02-19', 'Completed', 67.59),
(729, 168, '2024-01-21', 'Completed', 717.56),
(730, 30, '2025-03-02', 'Completed', 53.05),
(731, 32, '2025-07-14', 'Completed', 603.76),
(732, 180, '2024-06-05', 'Completed', 416.92),
(733, 176, '2025-10-07', 'Completed', 354.58),
(734, 108, '2025-11-08', 'Completed', 45.89),
(735, 134, '2024-10-03', 'Completed', 405.92),
(736, 180, '2024-05-20', 'Completed', 745.59),
(737, 27, '2025-06-07', 'Completed', 461.54),
(738, 31, '2024-10-16', 'Completed', 254.93),
(739, 28, '2025-05-24', 'Completed', 142.87),
(740, 52, '2024-09-26', 'Pending', 282.01),
(741, 52, '2025-01-01', 'Completed', 228.94),
(742, 76, '2024-06-13', 'Completed', 1061.75),
(743, 128, '2024-07-31', 'Completed', 335.99),
(744, 124, '2024-12-04', 'Completed', 65.7),
(745, 4, '2025-11-18', 'Completed', 1911.29),
(746, 29, '2025-08-10', 'Completed', 363.24),
(747, 39, '2024-04-02', 'Pending', 325.2),
(748, 20, '2024-04-13', 'Cancelled', 1016.84),
(749, 165, '2024-08-24', 'Completed', 570.77),
(750, 76, '2024-09-27', 'Completed', 310.41),
(751, 26, '2024-06-27', 'Pending', 671.82),
(752, 75, '2025-01-03', 'Pending', 38.84),
(753, 81, '2025-03-12', 'Completed', 338.36),
(754, 25, '2024-02-16', 'Completed', 164.69),
(755, 36, '2025-11-10', 'Completed', 343.06),
(756, 85, '2025-01-01', 'Pending', 127.9),
(757, 160, '2024-10-01', 'Pending', 561.18),
(758, 24, '2025-01-16', 'Pending', 1008.69),
(759, 47, '2024-04-26', 'Completed', 421.68),
(760, 117, '2024-10-05', 'Pending', 166.25),
(761, 177, '2025-05-04', 'Pending', 469.38),
(762, 167, '2024-06-19', 'Completed', 222.37),
(763, 179, '2024-03-01', 'Cancelled', 390.01),
(764, 41, '2024-04-16', 'Completed', 337.55),
(765, 152, '2025-05-09', 'Pending', 56.78),
(766, 174, '2025-03-24', 'Completed', 376.48),
(767, 98, '2025-01-02', 'Completed', 858.18),
(768, 176, '2024-05-13', 'Completed', 198.96),
(769, 125, '2024-04-25', 'Pending', 338.36),
(770, 113, '2024-02-17', 'Completed', 335.91),
(771, 168, '2024-11-17', 'Completed', 427.81),
(772, 174, '2025-06-21', 'Pending', 234.26),
(773, 148, '2025-08-01', 'Completed', 638.53),
(774, 172, '2024-12-12', 'Completed', 30.58),
(775, 177, '2025-09-25', 'Completed', 324.53),
(776, 170, '2024-09-11', 'Completed', 685.57),
(777, 170, '2025-11-23', 'Completed', 188.61),
(778, 39, '2025-07-25', 'Pending', 345.17),
(779, 157, '2024-02-25', 'Completed', 254.76),
(780, 41, '2025-06-01', 'Pending', 505.08),
(781, 127, '2024-06-18', 'Completed', 245.13),
(782, 126, '2024-11-24', 'Completed', 189.7),
(783, 72, '2024-02-21', 'Completed', 424.01),
(784, 141, '2025-10-20', 'Completed', 570.01),
(785, 61, '2024-03-21', 'Completed', 436.64),
(786, 147, '2025-04-03', 'Completed', 212.1),
(787, 128, '2025-04-02', 'Completed', 478.24),
(788, 128, '2025-10-31', 'Completed', 718.68),
(789, 104, '2025-02-26', 'Completed', 355.12),
(790, 141, '2024-01-01', 'Pending', 1041.68),
(791, 155, '2025-09-25', 'Completed', 250.34),
(792, 131, '2025-07-29', 'Completed', 533.8),
(793, 172, '2025-04-12', 'Cancelled', 473.01),
(794, 94, '2024-02-25', 'Pending', 365.08),
(795, 117, '2024-12-05', 'Completed', 174.42),
(796, 159, '2025-09-06', 'Completed', 533.87),
(797, 169, '2025-01-07', 'Completed', 317.39),
(798, 30, '2024-04-09', 'Pending', 220.33),
(799, 57, '2024-01-03', 'Completed', 332.5),
(800, 163, '2024-10-25', 'Completed', 721.62),
(801, 96, '2024-04-18', 'Completed', 330.95),
(802, 43, '2025-05-19', 'Completed', 807.61),
(803, 184, '2025-02-23', 'Completed', 174.42),
(804, 157, '2024-07-19', 'Completed', 187.73),
(805, 101, '2024-08-08', 'Completed', 348.74),
(806, 49, '2024-12-12', 'Completed', 272.44),
(807, 107, '2024-02-17', 'Cancelled', 385.66),
(808, 173, '2025-08-25', 'Completed', 638.68),
(809, 116, '2025-04-13', 'Completed', 585.14),
(810, 130, '2024-05-17', 'Cancelled', 240.37),
(811, 2, '2025-06-27', 'Completed', 313.71),
(812, 142, '2025-03-19', 'Pending', 547.0),
(813, 124, '2025-06-04', 'Pending', 67.59),
(814, 46, '2025-08-15', 'Completed', 1141.29),
(815, 33, '2024-04-16', 'Completed', 357.3),
(816, 154, '2025-09-12', 'Pending', 38.84),
(817, 130, '2025-01-28', 'Completed', 245.13),
(818, 156, '2024-09-11', 'Completed', 177.9),
(819, 88, '2024-10-28', 'Completed', 85.29),
(820, 35, '2024-05-21', 'Completed', 470.06),
(821, 180, '2025-06-08', 'Completed', 746.05),
(822, 180, '2025-07-14', 'Pending', 262.17),
(823, 183, '2025-07-20', 'Completed', 991.34),
(824, 52, '2024-08-02', 'Completed', 232.28),
(825, 75, '2024-12-19', 'Cancelled', 96.8),
(826, 34, '2025-10-27', 'Cancelled', 463.59),
(827, 46, '2025-05-30', 'Completed', 301.64),
(828, 164, '2024-11-26', 'Completed', 119.37),
(829, 195, '2024-12-26', 'Completed', 436.64),
(830, 150, '2025-08-07', 'Cancelled', 165.35),
(831, 182, '2025-03-03', 'Completed', 178.85),
(832, 137, '2024-10-19', 'Pending', 1189.55),
(833, 109, '2024-01-14', 'Completed', 254.76),
(834, 7, '2025-01-25', 'Completed', 988.71),
(835, 172, '2024-02-27', 'Completed', 571.48),
(836, 193, '2024-06-13', 'Cancelled', 457.39),
(837, 175, '2024-09-13', 'Completed', 338.36),
(838, 16, '2024-10-29', 'Completed', 118.68),
(839, 139, '2024-02-03', 'Completed', 841.07),
(840, 116, '2024-04-14', 'Completed', 846.03),
(841, 173, '2025-07-29', 'Pending', 602.34),
(842, 191, '2025-10-24', 'Completed', 628.48),
(843, 61, '2025-06-07', 'Pending', 593.79),
(844, 179, '2024-10-21', 'Completed', 432.24),
(845, 13, '2025-01-25', 'Completed', 213.51),
(846, 176, '2024-11-16', 'Cancelled', 300.17),
(847, 14, '2024-01-14', 'Completed', 2523.39),
(848, 52, '2025-09-27', 'Pending', 166.25),
(849, 114, '2024-08-18', 'Cancelled', 591.03),
(850, 181, '2025-10-25', 'Completed', 565.83),
(851, 151, '2025-07-13', 'Completed', 1185.84),
(852, 51, '2024-07-17', 'Completed', 234.72),
(853, 46, '2025-11-30', 'Completed', 1494.93),
(854, 45, '2025-06-10', 'Completed', 187.4),
(855, 11, '2025-03-14', 'Completed', 207.37),
(856, 68, '2024-05-13', 'Completed', 994.86),
(857, 66, '2024-01-06', 'Completed', 292.05),
(858, 182, '2024-06-07', 'Completed', 202.96),
(859, 83, '2025-09-03', 'Completed', 116.94),
(860, 161, '2025-09-22', 'Pending', 192.23),
(861, 78, '2025-05-17', 'Pending', 330.91),
(862, 141, '2025-01-01', 'Completed', 267.96),
(863, 182, '2024-11-21', 'Completed', 92.77),
(864, 48, '2025-06-17', 'Completed', 962.74),
(865, 130, '2024-06-12', 'Completed', 185.2),
(866, 138, '2025-02-17', 'Completed', 92.77),
(867, 57, '2024-08-06', 'Completed', 301.64),
(868, 85, '2025-01-04', 'Completed', 1005.94),
(869, 193, '2025-09-25', 'Completed', 1323.77),
(870, 144, '2025-10-26', 'Completed', 876.33),
(871, 172, '2024-12-20', 'Completed', 690.1),
(872, 165, '2025-09-20', 'Cancelled', 346.94),
(873, 63, '2024-02-10', 'Completed', 181.62),
(874, 83, '2025-01-25', 'Cancelled', 1341.81),
(875, 30, '2025-01-30', 'Completed', 228.94),
(876, 186, '2024-10-16', 'Completed', 178.85),
(877, 133, '2025-01-18', 'Completed', 1178.86),
(878, 131, '2025-04-01', 'Completed', 265.48),
(879, 76, '2025-10-29', 'Completed', 396.57),
(880, 132, '2024-03-25', 'Cancelled', 219.64),
(881, 43, '2025-07-04', 'Completed', 417.16),
(882, 161, '2024-03-08', 'Completed', 790.32),
(883, 162, '2024-08-06', 'Pending', 500.18),
(884, 109, '2024-04-16', 'Completed', 372.37),
(885, 180, '2025-03-21', 'Completed', 395.16),
(886, 19, '2024-06-06', 'Completed', 648.24),
(887, 184, '2024-12-05', 'Completed', 492.5),
(888, 19, '2024-02-25', 'Completed', 473.7),
(889, 65, '2025-07-25', 'Completed', 482.4),
(890, 59, '2024-09-21', 'Completed', 345.99),
(891, 116, '2025-10-07', 'Completed', 1231.2),
(892, 81, '2024-01-18', 'Completed', 710.68),
(893, 31, '2025-07-01', 'Completed', 228.94),
(894, 185, '2025-09-25', 'Completed', 535.44),
(895, 191, '2025-08-22', 'Completed', 307.33),
(896, 19, '2025-01-01', 'Cancelled', 324.53),
(897, 28, '2024-10-23', 'Pending', 1134.8),
(898, 78, '2025-09-13', 'Completed', 374.56),
(899, 196, '2025-03-24', 'Completed', 286.06),
(900, 170, '2024-02-01', 'Completed', 107.51);

INSERT INTO orders (order_id, customer_id, order_date, status, total_amount) VALUES
(901, 137, '2024-08-13', 'Completed', 283.89),
(902, 101, '2025-07-12', 'Completed', 226.23),
(903, 163, '2024-05-27', 'Completed', 77.96),
(904, 187, '2025-10-25', 'Completed', 1186.31),
(905, 3, '2025-07-20', 'Pending', 437.8),
(906, 37, '2024-05-06', 'Completed', 278.46),
(907, 147, '2025-09-02', 'Completed', 713.82),
(908, 141, '2024-03-28', 'Completed', 428.45),
(909, 192, '2024-12-18', 'Completed', 393.7),
(910, 166, '2025-06-08', 'Completed', 202.96),
(911, 48, '2024-08-14', 'Completed', 127.9),
(912, 65, '2024-07-17', 'Completed', 254.93),
(913, 172, '2025-08-03', 'Pending', 556.02),
(914, 193, '2025-07-16', 'Completed', 191.86),
(915, 141, '2024-03-15', 'Completed', 104.86),
(916, 18, '2024-09-13', 'Completed', 376.48),
(917, 186, '2025-08-17', 'Completed', 139.92),
(918, 85, '2024-12-31', 'Completed', 189.7),
(919, 168, '2024-08-28', 'Completed', 230.77),
(920, 159, '2024-03-12', 'Cancelled', 416.92),
(921, 82, '2025-05-12', 'Completed', 1024.28),
(922, 158, '2025-11-06', 'Completed', 1888.47),
(923, 150, '2024-06-05', 'Completed', 82.5),
(924, 94, '2024-11-19', 'Cancelled', 440.58),
(925, 44, '2024-01-05', 'Completed', 346.94),
(926, 57, '2025-10-18', 'Completed', 521.86),
(927, 93, '2024-05-17', 'Completed', 337.55),
(928, 85, '2025-05-06', 'Completed', 537.27),
(929, 92, '2024-11-08', 'Completed', 282.01),
(930, 28, '2024-06-28', 'Completed', 219.43),
(931, 21, '2024-10-14', 'Pending', 852.66),
(932, 36, '2025-07-05', 'Completed', 716.09),
(933, 188, '2025-10-03', 'Completed', 632.44),
(934, 20, '2024-01-20', 'Pending', 41.27),
(935, 162, '2024-02-01', 'Pending', 923.35),
(936, 149, '2025-02-18', 'Pending', 24.06),
(937, 55, '2024-02-07', 'Completed', 87.48),
(938, 140, '2025-07-06', 'Completed', 139.12),
(939, 199, '2024-06-01', 'Completed', 303.57),
(940, 58, '2025-08-26', 'Completed', 189.7),
(941, 75, '2024-05-17', 'Completed', 386.35),
(942, 131, '2024-04-02', 'Completed', 473.01),
(943, 129, '2024-01-11', 'Completed', 710.58),
(944, 158, '2024-06-18', 'Pending', 779.9),
(945, 36, '2025-04-01', 'Completed', 357.79),
(946, 145, '2025-08-02', 'Completed', 97.28),
(947, 38, '2025-05-10', 'Cancelled', 109.99),
(948, 11, '2024-08-12', 'Pending', 267.96),
(949, 60, '2024-03-05', 'Completed', 475.02),
(950, 60, '2024-02-13', 'Completed', 349.77),
(951, 133, '2025-01-04', 'Completed', 656.19),
(952, 117, '2024-02-17', 'Completed', 447.27),
(953, 167, '2024-11-27', 'Completed', 171.68),
(954, 134, '2025-10-10', 'Pending', 317.9),
(955, 190, '2024-09-26', 'Completed', 98.49),
(956, 146, '2024-06-27', 'Completed', 280.59),
(957, 97, '2025-01-09', 'Completed', 225.94),
(958, 20, '2025-06-13', 'Completed', 488.36),
(959, 58, '2025-06-12', 'Completed', 765.23),
(960, 89, '2025-05-13', 'Pending', 482.4),
(961, 155, '2024-01-07', 'Completed', 73.5),
(962, 36, '2025-03-26', 'Completed', 183.17),
(963, 20, '2025-06-10', 'Completed', 598.34),
(964, 55, '2024-06-02', 'Completed', 498.31),
(965, 93, '2025-09-08', 'Completed', 28.9),
(966, 31, '2025-11-07', 'Completed', 351.57),
(967, 85, '2024-04-26', 'Completed', 843.36),
(968, 123, '2025-05-05', 'Completed', 831.9),
(969, 42, '2025-10-24', 'Pending', 1719.27),
(970, 6, '2024-09-06', 'Completed', 369.22),
(971, 147, '2025-08-29', 'Completed', 446.1),
(972, 162, '2025-06-08', 'Completed', 313.71),
(973, 147, '2024-05-30', 'Completed', 53.05),
(974, 67, '2024-07-03', 'Completed', 861.26),
(975, 104, '2025-09-05', 'Cancelled', 49.88),
(976, 164, '2024-01-20', 'Pending', 508.66),
(977, 187, '2025-11-08', 'Pending', 608.42),
(978, 22, '2024-08-09', 'Completed', 488.36),
(979, 121, '2025-05-08', 'Completed', 142.15),
(980, 106, '2025-09-07', 'Completed', 850.44),
(981, 150, '2024-07-05', 'Completed', 1571.95),
(982, 131, '2024-09-27', 'Completed', 369.22),
(983, 176, '2024-12-16', 'Cancelled', 97.28),
(984, 153, '2025-08-27', 'Completed', 575.52),
(985, 97, '2025-01-29', 'Completed', 33.95),
(986, 5, '2024-07-26', 'Completed', 404.35),
(987, 130, '2025-03-05', 'Pending', 242.53),
(988, 156, '2024-04-08', 'Completed', 198.83),
(989, 158, '2025-09-06', 'Completed', 180.74),
(990, 137, '2025-05-30', 'Pending', 268.46),
(991, 24, '2025-05-08', 'Completed', 310.41),
(992, 155, '2025-07-06', 'Pending', 642.83),
(993, 199, '2025-11-25', 'Completed', 818.12),
(994, 134, '2025-03-06', 'Completed', 122.9),
(995, 12, '2025-06-26', 'Completed', 96.8),
(996, 124, '2025-01-25', 'Completed', 272.32),
(997, 190, '2025-08-12', 'Completed', 483.14),
(998, 35, '2024-09-17', 'Completed', 979.12),
(999, 60, '2024-03-26', 'Completed', 605.33),
(1000, 140, '2025-02-22', 'Completed', 299.24);

INSERT INTO order_items (order_item_id, order_id, product_id, quantity, unit_price) VALUES
(1, 1, 149, 1, 93.66),
(2, 2, 42, 1, 257.86),
(3, 3, 86, 1, 273.25),
(4, 4, 113, 3, 71.43),
(5, 5, 41, 1, 473.01),
(6, 6, 112, 3, 383.2),
(7, 7, 155, 1, 360.81),
(8, 8, 24, 1, 355.12),
(9, 8, 46, 1, 272.44),
(10, 8, 157, 1, 476.12),
(11, 9, 11, 1, 162.93),
(12, 9, 78, 1, 198.83),
(13, 10, 18, 1, 82.5),
(14, 10, 53, 2, 476.48),
(15, 11, 132, 2, 40.36),
(16, 12, 155, 1, 360.81),
(17, 13, 171, 1, 337.55),
(18, 14, 157, 1, 476.12),
(19, 15, 135, 3, 282.43),
(20, 15, 72, 1, 35.74),
(21, 16, 82, 2, 392.07),
(22, 16, 41, 1, 473.01),
(23, 17, 117, 1, 51.27),
(24, 18, 193, 1, 327.7),
(25, 19, 36, 1, 330.91),
(26, 20, 68, 1, 282.75),
(27, 21, 159, 1, 395.16),
(28, 22, 97, 1, 217.54),
(29, 23, 137, 1, 475.02),
(30, 23, 180, 1, 335.91),
(31, 24, 45, 1, 410.89),
(32, 24, 141, 1, 209.73),
(33, 25, 53, 1, 476.48),
(34, 25, 58, 1, 312.28),
(35, 26, 63, 1, 488.17),
(36, 27, 150, 1, 396.57),
(37, 28, 47, 1, 489.56),
(38, 28, 49, 1, 251.21),
(39, 29, 156, 2, 179.71),
(40, 30, 2, 2, 310.41),
(41, 31, 75, 1, 457.39),
(42, 31, 64, 1, 416.92),
(43, 32, 153, 1, 155.87),
(44, 33, 26, 2, 325.99),
(45, 33, 106, 1, 37.36),
(46, 34, 92, 1, 357.79),
(47, 34, 25, 1, 316.74),
(48, 35, 73, 1, 338.36),
(49, 36, 54, 1, 317.9),
(50, 37, 85, 1, 388.21),
(51, 38, 81, 1, 56.78),
(52, 39, 138, 1, 45.89),
(53, 39, 163, 1, 442.92),
(54, 39, 145, 1, 436.64),
(55, 39, 161, 1, 302.0),
(56, 40, 127, 1, 228.82),
(57, 40, 107, 1, 189.7),
(58, 40, 64, 1, 270.58),
(59, 41, 168, 1, 180.67),
(60, 42, 112, 1, 383.2),
(61, 43, 71, 1, 378.29),
(62, 44, 130, 3, 265.32),
(63, 45, 66, 1, 316.47),
(64, 46, 16, 1, 238.47),
(65, 47, 174, 1, 305.1),
(66, 47, 129, 1, 255.73),
(67, 47, 186, 1, 228.94),
(68, 47, 85, 1, 388.21),
(69, 48, 80, 2, 24.06),
(70, 48, 178, 1, 348.74),
(71, 49, 34, 1, 210.12),
(72, 50, 51, 1, 362.72),
(73, 51, 80, 1, 21.2),
(74, 52, 155, 3, 360.81),
(75, 53, 124, 1, 279.68),
(76, 54, 148, 1, 442.35),
(77, 55, 35, 2, 163.56),
(78, 56, 94, 1, 230.77),
(79, 56, 175, 1, 267.96),
(80, 56, 187, 1, 384.98),
(81, 57, 176, 1, 369.22),
(82, 57, 87, 1, 72.72),
(83, 58, 18, 1, 82.5),
(84, 59, 3, 1, 166.25),
(85, 60, 58, 1, 312.28),
(86, 61, 152, 1, 17.33),
(87, 62, 120, 1, 365.14),
(88, 62, 160, 1, 73.5),
(89, 63, 143, 1, 188.61),
(90, 64, 16, 1, 238.47),
(91, 65, 123, 1, 432.35),
(92, 65, 139, 1, 333.01),
(93, 66, 14, 1, 142.69),
(94, 67, 91, 1, 498.31),
(95, 68, 31, 1, 290.94),
(96, 69, 57, 1, 77.3),
(97, 69, 26, 1, 325.99),
(98, 69, 88, 1, 70.24),
(99, 69, 2, 1, 310.41),
(100, 70, 151, 1, 349.77),
(101, 71, 109, 1, 306.07),
(102, 72, 77, 1, 140.5),
(103, 73, 195, 3, 245.13),
(104, 74, 148, 1, 353.79),
(105, 75, 193, 1, 327.7),
(106, 76, 149, 1, 123.77),
(107, 76, 110, 1, 177.48),
(108, 77, 134, 1, 483.14),
(109, 78, 4, 1, 376.48),
(110, 79, 49, 1, 251.21),
(111, 80, 138, 1, 45.89),
(112, 80, 31, 1, 290.94),
(113, 81, 194, 1, 252.54),
(114, 82, 31, 1, 290.94),
(115, 83, 64, 1, 416.92),
(116, 84, 179, 1, 92.77),
(117, 85, 145, 1, 436.64),
(118, 86, 112, 1, 383.2),
(119, 86, 109, 1, 306.07),
(120, 87, 174, 1, 305.1),
(121, 88, 107, 1, 189.7),
(122, 89, 91, 1, 498.31),
(123, 90, 177, 1, 136.53),
(124, 90, 124, 1, 318.01),
(125, 91, 164, 1, 132.38),
(126, 91, 38, 1, 139.12),
(127, 91, 137, 1, 378.91),
(128, 91, 154, 1, 38.84),
(129, 92, 22, 1, 332.27),
(130, 93, 78, 1, 198.83),
(131, 93, 98, 1, 27.29),
(132, 94, 185, 2, 385.66),
(133, 95, 94, 1, 230.77),
(134, 95, 128, 1, 478.24),
(135, 96, 12, 1, 363.77),
(136, 96, 124, 1, 318.01),
(137, 97, 104, 1, 14.87),
(138, 98, 132, 2, 40.36),
(139, 99, 112, 1, 383.2),
(140, 100, 135, 1, 282.43),
(141, 101, 159, 1, 395.16),
(142, 102, 107, 2, 189.7),
(143, 102, 120, 3, 365.14),
(144, 103, 83, 1, 32.83),
(145, 103, 127, 1, 228.82),
(146, 104, 111, 1, 116.27),
(147, 105, 192, 1, 257.39),
(148, 106, 28, 1, 351.57),
(149, 107, 43, 2, 232.28),
(150, 107, 63, 1, 488.17),
(151, 107, 155, 1, 360.81),
(152, 107, 189, 1, 177.9),
(153, 108, 178, 1, 348.74),
(154, 109, 115, 1, 290.7),
(155, 110, 65, 1, 115.53),
(156, 111, 141, 1, 209.73),
(157, 111, 164, 1, 132.38),
(158, 111, 20, 2, 229.2),
(159, 112, 176, 2, 369.22),
(160, 113, 155, 1, 360.81),
(161, 114, 127, 1, 228.82),
(162, 114, 127, 1, 228.82),
(163, 114, 11, 1, 162.93),
(164, 115, 200, 1, 466.47),
(165, 115, 195, 1, 178.84),
(166, 116, 68, 1, 375.01),
(167, 117, 53, 1, 476.48),
(168, 118, 153, 1, 155.87),
(169, 118, 97, 1, 217.54),
(170, 119, 105, 1, 286.06),
(171, 119, 49, 1, 181.89),
(172, 119, 54, 1, 317.9),
(173, 119, 87, 1, 72.72),
(174, 120, 70, 1, 374.56),
(175, 121, 89, 1, 228.1),
(176, 121, 185, 1, 385.66),
(177, 122, 148, 1, 442.35),
(178, 123, 167, 1, 461.84),
(179, 124, 62, 1, 60.37),
(180, 124, 95, 1, 426.72),
(181, 125, 110, 1, 177.48),
(182, 125, 125, 1, 234.72),
(183, 126, 106, 1, 53.05),
(184, 126, 52, 1, 314.02),
(185, 126, 13, 1, 153.46),
(186, 127, 133, 1, 171.68),
(187, 127, 183, 1, 185.2),
(188, 128, 196, 1, 223.85),
(189, 129, 97, 2, 217.54),
(190, 129, 120, 1, 365.14),
(191, 129, 18, 1, 72.33),
(192, 130, 149, 1, 99.67),
(193, 131, 200, 1, 466.47),
(194, 132, 52, 3, 314.02),
(195, 133, 189, 1, 177.9),
(196, 133, 190, 1, 104.38),
(197, 133, 46, 1, 272.44),
(198, 133, 69, 1, 268.65),
(199, 134, 86, 1, 273.25),
(200, 135, 27, 1, 300.17),
(201, 136, 41, 1, 473.01),
(202, 136, 28, 1, 351.57),
(203, 137, 155, 1, 360.81),
(204, 137, 132, 1, 40.36),
(205, 137, 113, 1, 71.43),
(206, 138, 6, 3, 280.89),
(207, 139, 61, 1, 346.94),
(208, 139, 150, 1, 396.57),
(209, 139, 165, 1, 127.34),
(210, 139, 128, 1, 478.24),
(211, 140, 47, 1, 305.41),
(212, 141, 170, 1, 227.54),
(213, 142, 78, 1, 198.83),
(214, 143, 82, 2, 483.39),
(215, 144, 45, 2, 410.89),
(216, 144, 135, 1, 282.43),
(217, 144, 41, 1, 473.01),
(218, 144, 41, 1, 473.01),
(219, 145, 122, 1, 378.43),
(220, 145, 165, 1, 142.15),
(221, 146, 129, 1, 255.73),
(222, 147, 92, 1, 357.79),
(223, 148, 108, 1, 85.29),
(224, 149, 154, 1, 38.84),
(225, 150, 177, 1, 136.53),
(226, 151, 59, 1, 133.37),
(227, 152, 93, 1, 69.96),
(228, 152, 130, 1, 265.32),
(229, 152, 19, 1, 282.01),
(230, 153, 5, 1, 97.28),
(231, 154, 177, 1, 136.53),
(232, 154, 19, 1, 282.01),
(233, 154, 65, 1, 93.8),
(234, 155, 142, 3, 122.9),
(235, 156, 32, 1, 63.24),
(236, 156, 111, 1, 116.27),
(237, 157, 29, 1, 301.64),
(238, 158, 147, 1, 228.62),
(239, 159, 180, 1, 335.91),
(240, 160, 3, 1, 166.25),
(241, 160, 100, 1, 181.62),
(242, 161, 132, 1, 40.36),
(243, 162, 2, 1, 310.41),
(244, 162, 177, 1, 136.53),
(245, 163, 12, 1, 363.77),
(246, 164, 116, 1, 482.4),
(247, 165, 22, 1, 332.27),
(248, 166, 133, 1, 171.68),
(249, 167, 194, 1, 252.54),
(250, 168, 154, 1, 38.84),
(251, 169, 152, 1, 12.85),
(252, 169, 169, 1, 332.51),
(253, 170, 42, 1, 257.86),
(254, 171, 196, 1, 223.85),
(255, 172, 121, 1, 104.86),
(256, 172, 158, 1, 29.38),
(257, 173, 125, 1, 234.72),
(258, 174, 146, 1, 357.3),
(259, 175, 47, 1, 362.01),
(260, 175, 59, 1, 133.37),
(261, 175, 39, 1, 67.62),
(262, 176, 70, 1, 374.56),
(263, 177, 139, 1, 229.81),
(264, 177, 51, 1, 362.72),
(265, 178, 80, 2, 24.06),
(266, 179, 39, 1, 67.62),
(267, 179, 167, 1, 461.84),
(268, 180, 32, 1, 97.11),
(269, 181, 93, 1, 52.91),
(270, 181, 163, 1, 442.92),
(271, 181, 186, 1, 177.02),
(272, 182, 160, 1, 73.5),
(273, 182, 14, 1, 142.69),
(274, 182, 30, 1, 52.84),
(275, 183, 24, 1, 355.12),
(276, 184, 142, 1, 122.9),
(277, 184, 55, 1, 488.36),
(278, 184, 18, 1, 82.5),
(279, 185, 8, 1, 152.47),
(280, 186, 160, 1, 73.5),
(281, 187, 97, 1, 217.54),
(282, 188, 154, 1, 34.75),
(283, 189, 42, 1, 178.77),
(284, 189, 8, 1, 152.47),
(285, 189, 78, 1, 198.83),
(286, 189, 173, 1, 323.85),
(287, 190, 152, 1, 17.33),
(288, 191, 58, 1, 312.28),
(289, 192, 55, 1, 433.41),
(290, 192, 32, 1, 74.07),
(291, 193, 189, 1, 177.9),
(292, 194, 63, 1, 488.17),
(293, 195, 6, 1, 280.89),
(294, 196, 18, 1, 82.5),
(295, 197, 126, 1, 324.53),
(296, 197, 139, 1, 333.01),
(297, 197, 90, 1, 365.08),
(298, 198, 153, 1, 155.87),
(299, 198, 114, 1, 140.68),
(300, 198, 19, 1, 282.01),
(301, 199, 29, 1, 301.64),
(302, 199, 180, 1, 335.91),
(303, 199, 52, 1, 314.02),
(304, 200, 14, 1, 106.1),
(305, 201, 70, 1, 374.56),
(306, 202, 143, 1, 144.63),
(307, 203, 93, 1, 69.96),
(308, 204, 32, 1, 97.11),
(309, 205, 139, 3, 333.01),
(310, 206, 69, 1, 268.65),
(311, 207, 148, 1, 442.35),
(312, 207, 143, 1, 188.61),
(313, 208, 90, 1, 365.08),
(314, 209, 138, 1, 45.89),
(315, 210, 129, 1, 170.13),
(316, 211, 151, 1, 349.77),
(317, 212, 91, 1, 498.31),
(318, 212, 59, 1, 133.37),
(319, 213, 159, 2, 395.16),
(320, 214, 144, 1, 254.93),
(321, 214, 184, 1, 308.47),
(322, 214, 199, 1, 32.85),
(323, 215, 194, 1, 252.54),
(324, 215, 1, 1, 355.29),
(325, 215, 113, 1, 71.43),
(326, 216, 143, 1, 188.61),
(327, 216, 82, 1, 483.39),
(328, 217, 169, 1, 332.51),
(329, 218, 175, 1, 267.96),
(330, 219, 29, 3, 301.64),
(331, 219, 177, 1, 136.53),
(332, 220, 173, 2, 390.25),
(333, 220, 179, 1, 92.77),
(334, 221, 165, 1, 142.15),
(335, 222, 2, 1, 310.41),
(336, 223, 54, 1, 317.9),
(337, 223, 186, 1, 170.56),
(338, 224, 193, 1, 268.4),
(339, 225, 151, 1, 349.77),
(340, 225, 56, 1, 30.58),
(341, 225, 104, 1, 22.22),
(342, 226, 108, 2, 85.29),
(343, 226, 116, 1, 482.4),
(344, 227, 182, 1, 67.59),
(345, 228, 196, 1, 223.85),
(346, 229, 120, 1, 365.14),
(347, 229, 61, 1, 346.94),
(348, 230, 132, 1, 40.36),
(349, 231, 97, 1, 217.54),
(350, 232, 51, 1, 362.72),
(351, 232, 124, 1, 318.01),
(352, 233, 148, 1, 442.35),
(353, 233, 132, 1, 40.36),
(354, 233, 74, 1, 61.2),
(355, 234, 194, 1, 252.54),
(356, 234, 120, 1, 365.14),
(357, 234, 165, 1, 142.15),
(358, 234, 168, 1, 219.43),
(359, 235, 53, 1, 476.48),
(360, 236, 96, 2, 174.42),
(361, 237, 47, 1, 489.56),
(362, 237, 137, 1, 475.02),
(363, 237, 79, 1, 329.57),
(364, 238, 107, 1, 189.7),
(365, 239, 71, 1, 378.29),
(366, 240, 55, 1, 488.36),
(367, 240, 55, 1, 488.36),
(368, 241, 49, 1, 251.21),
(369, 241, 135, 3, 282.43),
(370, 242, 3, 1, 103.14),
(371, 243, 138, 1, 45.89),
(372, 244, 7, 1, 280.59),
(373, 245, 179, 1, 92.77),
(374, 246, 192, 1, 329.5),
(375, 247, 130, 1, 265.32),
(376, 247, 161, 1, 415.72),
(377, 248, 16, 1, 238.47),
(378, 248, 91, 1, 498.31),
(379, 249, 52, 1, 314.02),
(380, 249, 157, 3, 476.12),
(381, 250, 163, 1, 442.92),
(382, 251, 41, 1, 473.01),
(383, 251, 79, 1, 329.57),
(384, 251, 130, 1, 265.32),
(385, 251, 22, 1, 206.38),
(386, 252, 4, 1, 376.48),
(387, 252, 100, 1, 130.25),
(388, 253, 79, 1, 267.7),
(389, 254, 81, 1, 56.78),
(390, 255, 46, 1, 272.44),
(391, 256, 25, 1, 394.82),
(392, 256, 108, 1, 85.29),
(393, 257, 130, 1, 265.32),
(394, 257, 74, 1, 61.2),
(395, 257, 171, 2, 337.55),
(396, 257, 69, 1, 268.65),
(397, 258, 22, 1, 332.27),
(398, 259, 88, 1, 63.14),
(399, 259, 38, 1, 139.12),
(400, 259, 8, 1, 152.47),
(401, 260, 163, 1, 442.92),
(402, 260, 194, 1, 252.54),
(403, 260, 4, 1, 376.48),
(404, 260, 68, 1, 375.01),
(405, 261, 149, 1, 123.77),
(406, 262, 98, 1, 40.96),
(407, 262, 4, 1, 376.48),
(408, 263, 127, 1, 228.82),
(409, 264, 123, 1, 432.35),
(410, 265, 23, 1, 208.58),
(411, 265, 119, 1, 258.65),
(412, 266, 148, 1, 442.35),
(413, 266, 81, 1, 56.78),
(414, 267, 43, 1, 232.28),
(415, 267, 10, 1, 180.74),
(416, 267, 35, 1, 231.32),
(417, 267, 13, 1, 153.46),
(418, 268, 127, 1, 228.82),
(419, 268, 76, 2, 273.69),
(420, 269, 119, 1, 258.65),
(421, 269, 57, 1, 127.9),
(422, 270, 55, 1, 488.36),
(423, 271, 139, 1, 333.01),
(424, 272, 18, 1, 82.5),
(425, 272, 166, 1, 447.27),
(426, 273, 196, 1, 223.85),
(427, 273, 124, 1, 318.01),
(428, 273, 173, 1, 247.34),
(429, 273, 198, 2, 164.69),
(430, 274, 32, 1, 97.11),
(431, 275, 42, 1, 257.86),
(432, 276, 91, 1, 498.31),
(433, 276, 21, 1, 231.87),
(434, 276, 11, 1, 162.93),
(435, 277, 84, 1, 41.69),
(436, 278, 23, 1, 208.58),
(437, 279, 40, 1, 278.46),
(438, 280, 11, 1, 162.93),
(439, 281, 36, 1, 330.91),
(440, 281, 75, 1, 457.39),
(441, 282, 7, 1, 280.59),
(442, 283, 94, 1, 230.77),
(443, 284, 60, 1, 44.27),
(444, 285, 182, 1, 67.59),
(445, 285, 116, 1, 482.4),
(446, 285, 111, 1, 116.27),
(447, 285, 46, 1, 198.45),
(448, 286, 87, 2, 72.72),
(449, 287, 183, 1, 166.2),
(450, 287, 180, 1, 335.91),
(451, 287, 84, 1, 41.69),
(452, 288, 20, 1, 189.3),
(453, 288, 100, 1, 181.62),
(454, 289, 48, 1, 164.22),
(455, 290, 33, 1, 178.85),
(456, 290, 92, 1, 357.79),
(457, 291, 141, 1, 209.73),
(458, 292, 141, 1, 209.73),
(459, 292, 1, 1, 355.29),
(460, 293, 151, 1, 349.77),
(461, 294, 42, 1, 257.86),
(462, 295, 187, 2, 384.98),
(463, 296, 11, 1, 162.93),
(464, 297, 74, 1, 61.2),
(465, 298, 155, 1, 360.81),
(466, 299, 130, 1, 265.32),
(467, 300, 141, 1, 209.73),
(468, 300, 151, 1, 349.77),
(469, 300, 153, 1, 110.96),
(470, 301, 166, 1, 447.27),
(471, 302, 180, 1, 335.91),
(472, 302, 91, 3, 498.31),
(473, 303, 38, 1, 139.12),
(474, 303, 177, 1, 136.53),
(475, 303, 18, 1, 82.5),
(476, 304, 31, 2, 290.94),
(477, 305, 84, 2, 41.69),
(478, 306, 85, 1, 388.21),
(479, 307, 5, 1, 97.28),
(480, 308, 68, 1, 375.01),
(481, 309, 98, 1, 40.96),
(482, 309, 134, 1, 483.14),
(483, 310, 62, 1, 60.37),
(484, 310, 158, 1, 29.38),
(485, 310, 46, 2, 272.44),
(486, 311, 33, 1, 178.85),
(487, 311, 108, 2, 85.29),
(488, 312, 33, 1, 178.85),
(489, 312, 24, 1, 355.12),
(490, 313, 142, 3, 122.9),
(491, 314, 90, 1, 365.08),
(492, 315, 5, 1, 97.28),
(493, 316, 186, 1, 228.94),
(494, 316, 32, 1, 97.11),
(495, 316, 195, 2, 245.13),
(496, 317, 199, 1, 32.85),
(497, 317, 134, 1, 483.14),
(498, 318, 96, 1, 140.13),
(499, 319, 124, 1, 318.01),
(500, 320, 122, 1, 378.43);

INSERT INTO order_items (order_item_id, order_id, product_id, quantity, unit_price) VALUES
(501, 321, 154, 1, 33.2),
(502, 321, 40, 3, 278.46),
(503, 322, 99, 1, 281.18),
(504, 323, 134, 1, 483.14),
(505, 324, 78, 1, 139.87),
(506, 325, 113, 1, 71.43),
(507, 326, 84, 1, 41.69),
(508, 326, 89, 1, 228.1),
(509, 327, 168, 1, 219.43),
(510, 328, 198, 1, 164.69),
(511, 329, 119, 1, 258.65),
(512, 329, 76, 1, 454.51),
(513, 329, 2, 2, 310.41),
(514, 330, 167, 1, 461.84),
(515, 331, 61, 1, 346.94),
(516, 331, 118, 1, 202.32),
(517, 332, 61, 1, 346.94),
(518, 333, 134, 1, 483.14),
(519, 334, 129, 3, 255.73),
(520, 334, 6, 1, 280.89),
(521, 334, 153, 1, 155.87),
(522, 335, 138, 1, 45.89),
(523, 336, 147, 1, 154.97),
(524, 337, 93, 1, 69.96),
(525, 338, 73, 2, 338.36),
(526, 339, 59, 1, 133.37),
(527, 340, 126, 1, 324.53),
(528, 341, 65, 1, 115.53),
(529, 342, 55, 1, 488.36),
(530, 342, 140, 1, 96.8),
(531, 343, 57, 1, 127.9),
(532, 344, 33, 1, 178.85),
(533, 344, 44, 1, 432.24),
(534, 344, 101, 1, 180.66),
(535, 345, 141, 2, 209.73),
(536, 345, 161, 1, 265.8),
(537, 346, 139, 1, 333.01),
(538, 347, 105, 1, 286.06),
(539, 347, 195, 1, 245.13),
(540, 347, 35, 1, 231.32),
(541, 347, 61, 3, 346.94),
(542, 348, 153, 1, 94.4),
(543, 349, 40, 1, 222.19),
(544, 350, 182, 1, 46.67),
(545, 351, 25, 1, 394.82),
(546, 352, 135, 1, 181.79),
(547, 353, 116, 1, 482.4),
(548, 354, 123, 1, 365.71),
(549, 354, 101, 1, 180.66),
(550, 355, 35, 2, 231.32),
(551, 355, 151, 1, 349.77),
(552, 355, 1, 1, 355.29),
(553, 355, 146, 1, 357.3),
(554, 356, 197, 1, 430.99),
(555, 356, 85, 1, 388.21),
(556, 357, 104, 1, 22.22),
(557, 358, 145, 1, 326.66),
(558, 359, 148, 1, 442.35),
(559, 360, 82, 1, 483.39),
(560, 361, 179, 1, 92.77),
(561, 361, 161, 1, 415.72),
(562, 361, 188, 1, 416.21),
(563, 362, 24, 3, 355.12),
(564, 362, 79, 1, 329.57),
(565, 363, 73, 1, 338.36),
(566, 364, 81, 1, 56.78),
(567, 364, 47, 1, 489.56),
(568, 365, 152, 2, 17.33),
(569, 366, 134, 3, 483.14),
(570, 367, 30, 1, 52.84),
(571, 368, 47, 1, 489.56),
(572, 369, 167, 1, 301.92),
(573, 369, 100, 1, 181.62),
(574, 370, 153, 1, 155.87),
(575, 370, 133, 1, 171.68),
(576, 371, 101, 1, 180.66),
(577, 372, 4, 3, 376.48),
(578, 373, 24, 1, 355.12),
(579, 373, 91, 1, 498.31),
(580, 373, 171, 1, 337.55),
(581, 374, 87, 1, 72.72),
(582, 375, 114, 1, 202.96),
(583, 375, 99, 1, 281.18),
(584, 376, 12, 1, 363.77),
(585, 377, 136, 1, 325.2),
(586, 378, 119, 1, 258.65),
(587, 379, 117, 1, 51.27),
(588, 379, 154, 3, 38.84),
(589, 380, 12, 1, 363.77),
(590, 381, 17, 1, 470.06),
(591, 382, 34, 1, 210.12),
(592, 383, 85, 1, 388.21),
(593, 383, 103, 1, 404.35),
(594, 384, 115, 1, 290.7),
(595, 385, 139, 1, 333.01),
(596, 386, 134, 2, 483.14),
(597, 386, 34, 1, 210.12),
(598, 387, 16, 1, 238.47),
(599, 387, 171, 1, 337.55),
(600, 387, 43, 1, 232.28),
(601, 387, 54, 1, 317.9),
(602, 388, 114, 1, 202.96),
(603, 389, 16, 1, 238.47),
(604, 390, 133, 1, 171.68),
(605, 391, 104, 1, 22.22),
(606, 392, 126, 1, 324.53),
(607, 392, 104, 2, 22.22),
(608, 392, 38, 1, 139.12),
(609, 393, 171, 1, 337.55),
(610, 393, 182, 1, 44.62),
(611, 394, 150, 1, 396.57),
(612, 395, 173, 1, 390.25),
(613, 396, 54, 1, 317.9),
(614, 396, 58, 1, 312.28),
(615, 397, 6, 1, 280.89),
(616, 398, 199, 2, 32.85),
(617, 399, 55, 1, 408.71),
(618, 400, 129, 1, 208.87),
(619, 401, 180, 1, 335.91),
(620, 402, 192, 1, 421.68),
(621, 403, 80, 1, 24.06),
(622, 403, 168, 1, 219.43),
(623, 403, 169, 1, 332.51),
(624, 404, 106, 1, 41.38),
(625, 404, 100, 1, 181.62),
(626, 405, 162, 1, 38.98),
(627, 405, 149, 1, 82.21),
(628, 406, 173, 1, 296.61),
(629, 407, 110, 1, 177.48),
(630, 408, 157, 1, 476.12),
(631, 409, 62, 2, 60.37),
(632, 410, 148, 1, 442.35),
(633, 411, 135, 1, 282.43),
(634, 411, 51, 1, 362.72),
(635, 411, 77, 1, 157.44),
(636, 412, 2, 2, 310.41),
(637, 413, 61, 1, 346.94),
(638, 413, 188, 1, 416.21),
(639, 413, 152, 1, 17.33),
(640, 414, 158, 1, 24.5),
(641, 414, 55, 2, 488.36),
(642, 415, 85, 1, 388.21),
(643, 416, 53, 1, 346.05),
(644, 417, 66, 1, 316.47),
(645, 418, 37, 1, 313.71),
(646, 418, 89, 1, 228.1),
(647, 419, 23, 1, 208.58),
(648, 420, 130, 1, 265.32),
(649, 420, 27, 1, 300.17),
(650, 421, 27, 1, 300.17),
(651, 421, 35, 1, 164.3),
(652, 421, 119, 1, 258.65),
(653, 422, 5, 1, 74.67),
(654, 423, 18, 1, 82.5),
(655, 424, 10, 2, 180.74),
(656, 424, 124, 1, 318.01),
(657, 424, 121, 1, 79.46),
(658, 425, 166, 2, 447.27),
(659, 425, 99, 1, 281.18),
(660, 425, 45, 1, 410.89),
(661, 426, 42, 1, 257.86),
(662, 427, 38, 1, 139.12),
(663, 427, 37, 1, 313.71),
(664, 428, 50, 1, 435.02),
(665, 429, 94, 3, 230.77),
(666, 430, 43, 1, 232.28),
(667, 431, 15, 1, 321.19),
(668, 432, 95, 1, 426.72),
(669, 432, 71, 1, 378.29),
(670, 432, 122, 1, 284.34),
(671, 433, 135, 1, 282.43),
(672, 433, 27, 1, 300.17),
(673, 433, 179, 1, 92.77),
(674, 433, 9, 1, 240.37),
(675, 434, 63, 1, 488.17),
(676, 435, 57, 1, 127.9),
(677, 435, 73, 1, 338.36),
(678, 435, 87, 1, 72.72),
(679, 435, 181, 1, 357.5),
(680, 436, 112, 1, 383.2),
(681, 436, 185, 1, 385.66),
(682, 436, 128, 1, 478.24),
(683, 436, 88, 1, 61.01),
(684, 437, 198, 1, 164.69),
(685, 438, 144, 1, 254.93),
(686, 439, 57, 1, 127.9),
(687, 440, 113, 3, 71.43),
(688, 440, 133, 1, 142.5),
(689, 441, 50, 1, 435.02),
(690, 441, 100, 1, 181.62),
(691, 441, 19, 2, 282.01),
(692, 442, 65, 1, 85.27),
(693, 443, 126, 1, 324.53),
(694, 444, 9, 1, 240.37),
(695, 445, 200, 1, 466.47),
(696, 445, 182, 1, 67.59),
(697, 445, 160, 1, 73.5),
(698, 446, 121, 1, 70.94),
(699, 447, 80, 1, 24.06),
(700, 447, 5, 1, 97.28),
(701, 448, 31, 2, 290.94),
(702, 448, 60, 1, 44.27),
(703, 448, 161, 1, 295.26),
(704, 448, 148, 1, 442.35),
(705, 449, 121, 1, 76.21),
(706, 450, 127, 3, 172.53),
(707, 451, 130, 1, 265.32),
(708, 451, 143, 1, 188.61),
(709, 452, 16, 1, 238.47),
(710, 453, 137, 1, 475.02),
(711, 453, 61, 1, 346.94),
(712, 453, 50, 1, 435.02),
(713, 453, 86, 1, 273.25),
(714, 454, 72, 1, 52.34),
(715, 454, 118, 1, 202.32),
(716, 455, 169, 1, 332.51),
(717, 455, 10, 1, 180.74),
(718, 456, 90, 2, 365.08),
(719, 456, 162, 1, 38.98),
(720, 457, 197, 1, 430.99),
(721, 458, 4, 1, 376.48),
(722, 459, 93, 1, 69.96),
(723, 459, 82, 1, 483.39),
(724, 460, 124, 1, 318.01),
(725, 460, 139, 1, 333.01),
(726, 461, 39, 1, 67.62),
(727, 462, 6, 1, 280.89),
(728, 463, 169, 1, 332.51),
(729, 464, 154, 1, 38.84),
(730, 465, 181, 1, 357.5),
(731, 466, 4, 1, 376.48),
(732, 467, 166, 1, 447.27),
(733, 468, 170, 1, 227.54),
(734, 469, 116, 3, 482.4),
(735, 470, 80, 1, 24.06),
(736, 471, 182, 1, 40.94),
(737, 471, 174, 1, 305.1),
(738, 471, 47, 1, 489.56),
(739, 472, 125, 1, 234.72),
(740, 473, 33, 1, 178.85),
(741, 474, 102, 1, 424.01),
(742, 475, 171, 1, 337.55),
(743, 475, 144, 1, 254.93),
(744, 475, 94, 1, 230.77),
(745, 476, 95, 1, 426.72),
(746, 477, 139, 1, 248.05),
(747, 478, 99, 2, 281.18),
(748, 479, 47, 3, 489.56),
(749, 480, 53, 1, 476.48),
(750, 481, 101, 1, 120.68),
(751, 481, 162, 3, 38.98),
(752, 481, 68, 1, 375.01),
(753, 482, 112, 1, 383.2),
(754, 482, 180, 1, 335.91),
(755, 483, 190, 2, 104.38),
(756, 484, 195, 1, 245.13),
(757, 484, 157, 1, 366.01),
(758, 485, 24, 1, 355.12),
(759, 486, 142, 1, 122.9),
(760, 486, 153, 1, 155.87),
(761, 487, 25, 1, 394.82),
(762, 487, 41, 1, 402.27),
(763, 488, 35, 1, 231.32),
(764, 489, 126, 1, 324.53),
(765, 490, 158, 1, 29.38),
(766, 491, 180, 2, 335.91),
(767, 491, 191, 1, 254.76),
(768, 491, 104, 1, 22.22),
(769, 492, 68, 1, 375.01),
(770, 493, 79, 1, 288.95),
(771, 494, 196, 1, 223.85),
(772, 495, 195, 1, 245.13),
(773, 495, 84, 1, 41.69),
(774, 495, 178, 1, 348.74),
(775, 496, 123, 1, 432.35),
(776, 496, 30, 1, 52.84),
(777, 496, 81, 1, 56.78),
(778, 497, 130, 1, 265.32),
(779, 497, 156, 1, 288.2),
(780, 498, 176, 1, 369.22),
(781, 498, 105, 1, 286.06),
(782, 499, 128, 1, 414.68),
(783, 500, 167, 1, 461.84),
(784, 501, 147, 1, 228.62),
(785, 502, 25, 2, 394.82),
(786, 503, 115, 1, 203.98),
(787, 504, 117, 1, 51.27),
(788, 504, 143, 1, 188.61),
(789, 505, 134, 1, 483.14),
(790, 506, 76, 1, 454.51),
(791, 507, 39, 1, 67.62),
(792, 508, 86, 1, 273.25),
(793, 509, 27, 1, 300.17),
(794, 510, 81, 1, 56.78),
(795, 510, 112, 1, 383.2),
(796, 511, 138, 1, 45.89),
(797, 511, 190, 1, 104.38),
(798, 511, 147, 1, 228.62),
(799, 511, 84, 1, 41.69),
(800, 512, 7, 1, 280.59),
(801, 513, 24, 1, 355.12),
(802, 513, 171, 1, 337.55),
(803, 513, 23, 1, 208.58),
(804, 514, 6, 1, 280.89),
(805, 515, 188, 1, 416.21),
(806, 516, 148, 1, 338.07),
(807, 517, 97, 1, 217.54),
(808, 518, 76, 1, 454.51),
(809, 519, 28, 1, 351.57),
(810, 520, 30, 1, 41.61),
(811, 520, 146, 2, 357.3),
(812, 521, 10, 1, 180.74),
(813, 522, 18, 1, 82.5),
(814, 523, 155, 1, 360.81),
(815, 523, 62, 1, 53.52),
(816, 524, 192, 1, 421.68),
(817, 524, 105, 1, 228.13),
(818, 525, 55, 1, 488.36),
(819, 525, 42, 1, 257.86),
(820, 525, 166, 1, 447.27),
(821, 525, 168, 1, 219.43),
(822, 526, 5, 1, 97.28),
(823, 527, 196, 1, 223.85),
(824, 528, 154, 2, 38.84),
(825, 529, 12, 1, 363.77),
(826, 529, 193, 1, 327.7),
(827, 530, 179, 2, 92.77),
(828, 531, 11, 1, 162.93),
(829, 531, 48, 2, 164.22),
(830, 531, 120, 1, 365.14),
(831, 532, 14, 2, 112.73),
(832, 533, 111, 1, 116.27),
(833, 534, 131, 1, 208.71),
(834, 534, 26, 1, 325.99),
(835, 535, 29, 1, 301.64),
(836, 535, 109, 2, 306.07),
(837, 536, 9, 2, 240.37),
(838, 537, 131, 1, 182.94),
(839, 537, 34, 1, 210.12),
(840, 538, 169, 1, 332.51),
(841, 538, 43, 1, 145.62),
(842, 538, 169, 1, 332.51),
(843, 538, 57, 1, 127.9),
(844, 539, 101, 1, 180.66),
(845, 540, 128, 1, 478.24),
(846, 540, 196, 1, 223.85),
(847, 540, 142, 1, 122.9),
(848, 541, 27, 1, 180.96),
(849, 541, 185, 1, 385.66),
(850, 541, 122, 1, 378.43),
(851, 542, 176, 1, 369.22),
(852, 543, 164, 1, 132.38),
(853, 543, 90, 1, 365.08),
(854, 543, 25, 1, 394.82),
(855, 544, 25, 1, 394.82),
(856, 544, 75, 1, 457.39),
(857, 544, 39, 1, 67.62),
(858, 544, 2, 1, 310.41),
(859, 545, 197, 1, 430.99),
(860, 546, 141, 1, 209.73),
(861, 547, 128, 1, 478.24),
(862, 547, 23, 1, 208.58),
(863, 547, 56, 1, 30.58),
(864, 547, 101, 1, 180.66),
(865, 548, 187, 1, 384.98),
(866, 549, 55, 1, 435.1),
(867, 549, 170, 1, 227.54),
(868, 550, 1, 1, 355.29),
(869, 550, 86, 1, 273.25),
(870, 550, 135, 1, 282.43),
(871, 551, 100, 1, 181.62),
(872, 552, 10, 1, 180.74),
(873, 552, 184, 1, 308.47),
(874, 553, 162, 2, 38.98),
(875, 553, 199, 1, 32.85),
(876, 553, 46, 1, 272.44),
(877, 554, 6, 2, 235.71),
(878, 554, 87, 1, 72.72),
(879, 555, 192, 1, 421.68),
(880, 556, 48, 1, 128.09),
(881, 557, 90, 3, 365.08),
(882, 558, 76, 1, 454.51),
(883, 558, 179, 1, 92.77),
(884, 558, 139, 1, 333.01),
(885, 559, 12, 1, 311.02),
(886, 560, 83, 1, 32.83),
(887, 560, 173, 1, 390.25),
(888, 561, 125, 1, 186.67),
(889, 562, 104, 1, 22.22),
(890, 563, 143, 1, 188.61),
(891, 564, 26, 1, 325.99),
(892, 564, 102, 1, 424.01),
(893, 564, 72, 1, 33.41),
(894, 565, 131, 1, 208.71),
(895, 566, 30, 1, 52.84),
(896, 567, 195, 1, 245.13),
(897, 568, 48, 1, 164.22),
(898, 569, 69, 1, 268.65),
(899, 570, 14, 1, 142.69),
(900, 571, 94, 1, 230.77),
(901, 571, 139, 1, 333.01),
(902, 572, 21, 2, 307.33),
(903, 573, 184, 1, 308.47),
(904, 574, 43, 1, 232.28),
(905, 575, 162, 1, 38.98),
(906, 575, 76, 1, 274.05),
(907, 576, 29, 1, 301.64),
(908, 577, 72, 1, 52.34),
(909, 577, 196, 1, 223.85),
(910, 577, 40, 1, 278.46),
(911, 578, 36, 1, 330.91),
(912, 579, 28, 1, 351.57),
(913, 579, 131, 1, 208.71),
(914, 580, 75, 1, 457.39),
(915, 581, 125, 1, 234.72),
(916, 581, 87, 1, 72.72),
(917, 582, 107, 1, 189.7),
(918, 583, 128, 1, 478.24),
(919, 584, 171, 1, 337.55),
(920, 585, 126, 1, 324.53),
(921, 586, 117, 1, 51.27),
(922, 587, 159, 1, 395.16),
(923, 587, 123, 1, 432.35),
(924, 588, 104, 1, 22.22),
(925, 589, 97, 1, 217.54),
(926, 590, 128, 1, 478.24),
(927, 591, 179, 1, 92.77),
(928, 592, 86, 1, 273.25),
(929, 593, 51, 1, 362.72),
(930, 593, 17, 1, 470.06),
(931, 594, 103, 1, 404.35),
(932, 595, 74, 1, 61.2),
(933, 596, 89, 1, 228.1),
(934, 597, 59, 1, 91.08),
(935, 597, 101, 1, 127.92),
(936, 597, 110, 1, 177.48),
(937, 598, 150, 1, 396.57),
(938, 599, 121, 1, 104.86),
(939, 600, 109, 1, 306.07),
(940, 600, 53, 3, 476.48),
(941, 601, 165, 3, 142.15),
(942, 601, 152, 1, 17.33),
(943, 601, 3, 1, 166.25),
(944, 602, 47, 1, 489.56),
(945, 603, 163, 1, 442.92),
(946, 604, 86, 1, 273.25),
(947, 604, 189, 1, 177.9),
(948, 605, 175, 1, 267.96),
(949, 606, 132, 1, 40.36),
(950, 607, 151, 1, 349.77),
(951, 608, 118, 1, 202.32),
(952, 609, 196, 1, 223.85),
(953, 610, 183, 1, 185.2),
(954, 610, 115, 1, 290.7),
(955, 611, 95, 2, 426.72),
(956, 612, 61, 1, 346.94),
(957, 612, 35, 1, 231.32),
(958, 613, 40, 1, 278.46),
(959, 614, 59, 1, 133.37),
(960, 615, 3, 2, 166.25),
(961, 616, 198, 1, 164.69),
(962, 617, 78, 1, 198.83),
(963, 617, 181, 1, 357.5),
(964, 618, 32, 1, 97.11),
(965, 618, 116, 1, 482.4),
(966, 619, 199, 1, 32.85),
(967, 620, 50, 1, 435.02),
(968, 620, 66, 1, 316.47),
(969, 621, 130, 1, 265.32),
(970, 622, 159, 1, 395.16),
(971, 622, 79, 1, 329.57),
(972, 623, 87, 1, 72.72),
(973, 623, 77, 1, 127.46),
(974, 624, 32, 1, 97.11),
(975, 624, 177, 2, 136.53),
(976, 624, 108, 1, 85.29),
(977, 625, 25, 1, 394.82),
(978, 625, 74, 1, 61.2),
(979, 626, 42, 1, 156.78),
(980, 627, 93, 1, 69.96),
(981, 627, 69, 1, 181.39),
(982, 628, 135, 1, 282.43),
(983, 629, 132, 1, 40.36),
(984, 630, 56, 1, 30.58),
(985, 631, 36, 1, 330.91),
(986, 631, 25, 1, 394.82),
(987, 632, 89, 1, 228.1),
(988, 633, 107, 1, 189.7),
(989, 633, 89, 1, 228.1),
(990, 633, 10, 1, 145.88),
(991, 634, 10, 1, 180.74),
(992, 635, 182, 1, 67.59),
(993, 636, 3, 1, 166.25),
(994, 637, 192, 1, 358.69),
(995, 638, 9, 1, 240.37),
(996, 638, 103, 1, 404.35),
(997, 639, 80, 1, 16.77),
(998, 639, 86, 1, 273.25),
(999, 639, 47, 1, 489.56),
(1000, 640, 56, 1, 26.47);

INSERT INTO order_items (order_item_id, order_id, product_id, quantity, unit_price) VALUES
(1001, 640, 125, 1, 234.72),
(1002, 641, 143, 1, 188.61),
(1003, 641, 159, 1, 395.16),
(1004, 641, 185, 2, 385.66),
(1005, 641, 114, 1, 202.96),
(1006, 642, 153, 3, 155.87),
(1007, 643, 14, 1, 142.69),
(1008, 643, 4, 1, 376.48),
(1009, 644, 141, 1, 127.17),
(1010, 645, 48, 1, 164.22),
(1011, 646, 28, 1, 351.57),
(1012, 647, 129, 1, 255.73),
(1013, 648, 89, 1, 228.1),
(1014, 648, 176, 1, 369.22),
(1015, 648, 27, 1, 300.17),
(1016, 648, 64, 1, 416.92),
(1017, 649, 42, 3, 225.71),
(1018, 650, 140, 1, 96.8),
(1019, 650, 45, 1, 410.89),
(1020, 651, 99, 1, 281.18),
(1021, 652, 188, 1, 416.21),
(1022, 652, 26, 1, 325.99),
(1023, 652, 35, 1, 231.32),
(1024, 652, 110, 1, 177.48),
(1025, 653, 61, 1, 346.94),
(1026, 653, 116, 1, 482.4),
(1027, 654, 72, 1, 52.34),
(1028, 654, 76, 2, 454.51),
(1029, 654, 95, 1, 426.72),
(1030, 654, 85, 1, 388.21),
(1031, 655, 61, 1, 346.94),
(1032, 655, 108, 1, 85.29),
(1033, 655, 111, 1, 116.27),
(1034, 656, 143, 2, 188.61),
(1035, 657, 173, 1, 390.25),
(1036, 658, 84, 1, 41.69),
(1037, 659, 62, 1, 60.37),
(1038, 660, 199, 1, 32.85),
(1039, 660, 25, 1, 394.82),
(1040, 660, 187, 1, 384.98),
(1041, 661, 127, 1, 163.74),
(1042, 661, 74, 1, 61.2),
(1043, 662, 73, 1, 338.36),
(1044, 662, 142, 2, 122.9),
(1045, 662, 6, 1, 280.89),
(1046, 663, 133, 1, 171.68),
(1047, 664, 143, 1, 188.61),
(1048, 665, 17, 1, 470.06),
(1049, 665, 182, 1, 67.59),
(1050, 665, 176, 1, 369.22),
(1051, 665, 34, 1, 210.12),
(1052, 666, 174, 1, 305.1),
(1053, 666, 22, 1, 332.27),
(1054, 666, 115, 1, 290.7),
(1055, 667, 34, 1, 210.12),
(1056, 668, 84, 1, 41.69),
(1057, 668, 84, 1, 41.69),
(1058, 669, 98, 1, 40.96),
(1059, 670, 43, 1, 232.28),
(1060, 671, 39, 1, 67.62),
(1061, 671, 197, 1, 430.99),
(1062, 672, 16, 1, 238.47),
(1063, 672, 18, 1, 55.31),
(1064, 673, 2, 1, 310.41),
(1065, 673, 54, 1, 317.9),
(1066, 674, 159, 1, 395.16),
(1067, 675, 54, 1, 317.9),
(1068, 675, 98, 1, 40.96),
(1069, 675, 152, 1, 17.33),
(1070, 675, 121, 1, 104.86),
(1071, 676, 175, 1, 267.96),
(1072, 676, 162, 1, 38.98),
(1073, 676, 1, 1, 355.29),
(1074, 676, 175, 1, 267.96),
(1075, 677, 91, 1, 498.31),
(1076, 678, 133, 2, 135.87),
(1077, 679, 127, 2, 228.82),
(1078, 680, 136, 1, 325.2),
(1079, 680, 47, 1, 489.56),
(1080, 681, 189, 1, 177.9),
(1081, 681, 96, 1, 174.42),
(1082, 681, 132, 1, 40.36),
(1083, 682, 157, 1, 476.12),
(1084, 682, 144, 3, 254.93),
(1085, 682, 7, 1, 280.59),
(1086, 683, 192, 1, 421.68),
(1087, 683, 97, 1, 217.54),
(1088, 683, 109, 1, 274.85),
(1089, 684, 66, 1, 316.47),
(1090, 684, 77, 1, 157.44),
(1091, 684, 57, 2, 127.9),
(1092, 685, 99, 1, 281.18),
(1093, 685, 160, 2, 73.5),
(1094, 686, 69, 1, 268.65),
(1095, 687, 131, 1, 208.71),
(1096, 687, 158, 1, 29.38),
(1097, 688, 23, 1, 208.58),
(1098, 689, 189, 1, 177.9),
(1099, 690, 77, 1, 157.44),
(1100, 691, 38, 1, 139.12),
(1101, 692, 160, 1, 73.5),
(1102, 692, 187, 1, 384.98),
(1103, 693, 171, 1, 337.55),
(1104, 694, 44, 1, 432.24),
(1105, 695, 150, 1, 396.57),
(1106, 696, 65, 1, 115.53),
(1107, 697, 170, 1, 227.54),
(1108, 698, 59, 1, 133.37),
(1109, 699, 31, 2, 290.94),
(1110, 699, 144, 1, 254.93),
(1111, 700, 156, 1, 288.2),
(1112, 700, 172, 1, 475.82),
(1113, 700, 146, 1, 256.43),
(1114, 701, 70, 1, 374.56),
(1115, 702, 57, 1, 127.9),
(1116, 702, 185, 1, 268.81),
(1117, 703, 11, 1, 162.93),
(1118, 703, 187, 1, 384.98),
(1119, 703, 61, 1, 346.94),
(1120, 704, 40, 1, 278.46),
(1121, 704, 131, 1, 174.41),
(1122, 705, 197, 1, 430.99),
(1123, 706, 72, 2, 52.34),
(1124, 707, 104, 1, 22.22),
(1125, 708, 145, 1, 436.64),
(1126, 709, 61, 1, 346.94),
(1127, 710, 156, 1, 288.2),
(1128, 710, 199, 1, 32.85),
(1129, 711, 127, 1, 228.82),
(1130, 712, 25, 2, 394.82),
(1131, 713, 118, 1, 202.32),
(1132, 714, 19, 3, 282.01),
(1133, 714, 119, 1, 258.65),
(1134, 715, 66, 1, 316.47),
(1135, 716, 82, 1, 483.39),
(1136, 717, 157, 1, 405.25),
(1137, 717, 107, 1, 189.7),
(1138, 718, 42, 1, 221.4),
(1139, 718, 132, 1, 29.63),
(1140, 719, 116, 1, 482.4),
(1141, 720, 151, 1, 222.95),
(1142, 721, 35, 2, 204.43),
(1143, 721, 196, 1, 223.85),
(1144, 721, 132, 1, 40.36),
(1145, 721, 50, 2, 435.02),
(1146, 722, 122, 1, 231.23),
(1147, 722, 103, 1, 404.35),
(1148, 722, 138, 1, 45.89),
(1149, 722, 133, 1, 171.68),
(1150, 723, 85, 1, 388.21),
(1151, 723, 110, 1, 177.48),
(1152, 724, 136, 1, 325.2),
(1153, 724, 189, 1, 177.9),
(1154, 724, 29, 1, 301.64),
(1155, 725, 130, 1, 265.32),
(1156, 726, 64, 2, 416.92),
(1157, 726, 158, 1, 29.38),
(1158, 727, 137, 1, 475.02),
(1159, 728, 182, 1, 67.59),
(1160, 729, 55, 1, 488.36),
(1161, 729, 20, 1, 229.2),
(1162, 730, 106, 1, 53.05),
(1163, 731, 20, 1, 229.2),
(1164, 731, 70, 1, 374.56),
(1165, 732, 64, 1, 416.92),
(1166, 733, 136, 1, 325.2),
(1167, 733, 158, 1, 29.38),
(1168, 734, 138, 1, 45.89),
(1169, 735, 114, 2, 202.96),
(1170, 736, 75, 1, 457.39),
(1171, 736, 156, 1, 288.2),
(1172, 737, 94, 2, 230.77),
(1173, 738, 144, 1, 254.93),
(1174, 739, 18, 1, 82.5),
(1175, 739, 62, 1, 60.37),
(1176, 740, 19, 1, 282.01),
(1177, 741, 186, 1, 228.94),
(1178, 742, 136, 1, 325.2),
(1179, 742, 187, 1, 384.98),
(1180, 742, 28, 1, 351.57),
(1181, 743, 167, 1, 335.99),
(1182, 744, 199, 2, 32.85),
(1183, 745, 189, 2, 177.9),
(1184, 745, 137, 2, 475.02),
(1185, 745, 9, 1, 240.37),
(1186, 745, 90, 1, 365.08),
(1187, 746, 100, 2, 181.62),
(1188, 747, 136, 1, 325.2),
(1189, 748, 59, 1, 105.28),
(1190, 748, 97, 2, 217.54),
(1191, 748, 53, 1, 476.48),
(1192, 749, 188, 1, 250.46),
(1193, 749, 179, 1, 92.77),
(1194, 749, 170, 1, 227.54),
(1195, 750, 2, 1, 310.41),
(1196, 751, 180, 2, 335.91),
(1197, 752, 154, 1, 38.84),
(1198, 753, 73, 1, 338.36),
(1199, 754, 198, 1, 164.69),
(1200, 755, 150, 1, 343.06),
(1201, 756, 57, 1, 127.9),
(1202, 757, 7, 2, 280.59),
(1203, 758, 197, 1, 430.99),
(1204, 758, 24, 1, 355.12),
(1205, 758, 98, 1, 40.96),
(1206, 758, 100, 1, 181.62),
(1207, 759, 192, 1, 421.68),
(1208, 760, 3, 1, 166.25),
(1209, 761, 86, 1, 203.31),
(1210, 761, 120, 1, 266.07),
(1211, 762, 38, 1, 94.47),
(1212, 762, 57, 1, 127.9),
(1213, 763, 157, 1, 390.01),
(1214, 764, 171, 1, 337.55),
(1215, 765, 81, 1, 56.78),
(1216, 766, 4, 1, 376.48),
(1217, 767, 105, 3, 286.06),
(1218, 768, 86, 1, 198.96),
(1219, 769, 73, 1, 338.36),
(1220, 770, 180, 1, 335.91),
(1221, 771, 65, 1, 115.53),
(1222, 771, 58, 1, 312.28),
(1223, 772, 67, 1, 234.26),
(1224, 773, 27, 1, 300.17),
(1225, 773, 73, 1, 338.36),
(1226, 774, 56, 1, 30.58),
(1227, 775, 126, 1, 324.53),
(1228, 776, 177, 1, 120.49),
(1229, 776, 164, 1, 132.38),
(1230, 776, 39, 1, 67.62),
(1231, 776, 90, 1, 365.08),
(1232, 777, 143, 1, 188.61),
(1233, 778, 113, 1, 71.43),
(1234, 778, 70, 1, 273.74),
(1235, 779, 191, 1, 254.76),
(1236, 780, 194, 2, 252.54),
(1237, 781, 195, 1, 245.13),
(1238, 782, 107, 1, 189.7),
(1239, 783, 102, 1, 424.01),
(1240, 784, 42, 1, 257.86),
(1241, 784, 1, 1, 312.15),
(1242, 785, 145, 1, 436.64),
(1243, 786, 54, 1, 212.1),
(1244, 787, 128, 1, 478.24),
(1245, 788, 175, 3, 239.56),
(1246, 789, 24, 1, 355.12),
(1247, 790, 65, 1, 115.53),
(1248, 790, 190, 3, 104.38),
(1249, 790, 177, 1, 136.53),
(1250, 790, 53, 1, 476.48),
(1251, 791, 52, 1, 250.34),
(1252, 792, 117, 1, 51.27),
(1253, 792, 145, 1, 436.64),
(1254, 792, 138, 1, 45.89),
(1255, 793, 41, 1, 473.01),
(1256, 794, 90, 1, 365.08),
(1257, 795, 96, 1, 174.42),
(1258, 796, 36, 1, 330.91),
(1259, 796, 114, 1, 202.96),
(1260, 797, 164, 1, 132.38),
(1261, 797, 138, 1, 45.89),
(1262, 797, 38, 1, 139.12),
(1263, 798, 151, 1, 220.33),
(1264, 799, 3, 2, 166.25),
(1265, 800, 155, 2, 360.81),
(1266, 801, 159, 1, 330.95),
(1267, 802, 171, 1, 337.55),
(1268, 802, 17, 1, 470.06),
(1269, 803, 96, 1, 174.42),
(1270, 804, 109, 1, 187.73),
(1271, 805, 178, 1, 348.74),
(1272, 806, 46, 1, 272.44),
(1273, 807, 185, 1, 385.66),
(1274, 808, 181, 1, 357.5),
(1275, 808, 99, 1, 281.18),
(1276, 809, 67, 2, 292.57),
(1277, 810, 9, 1, 240.37),
(1278, 811, 37, 1, 313.71),
(1279, 812, 125, 1, 234.72),
(1280, 812, 58, 1, 312.28),
(1281, 813, 182, 1, 67.59),
(1282, 814, 196, 1, 223.85),
(1283, 814, 156, 3, 288.2),
(1284, 814, 30, 1, 52.84),
(1285, 815, 146, 1, 357.3),
(1286, 816, 154, 1, 38.84),
(1287, 817, 195, 1, 245.13),
(1288, 818, 189, 1, 177.9),
(1289, 819, 108, 1, 85.29),
(1290, 820, 17, 1, 470.06),
(1291, 821, 163, 1, 313.81),
(1292, 821, 44, 1, 432.24),
(1293, 822, 27, 1, 262.17),
(1294, 823, 156, 1, 288.2),
(1295, 823, 28, 2, 351.57),
(1296, 824, 43, 1, 232.28),
(1297, 825, 140, 1, 96.8),
(1298, 826, 85, 1, 300.66),
(1299, 826, 11, 1, 162.93),
(1300, 827, 29, 1, 301.64),
(1301, 828, 84, 1, 41.69),
(1302, 828, 154, 2, 38.84),
(1303, 829, 145, 1, 436.64),
(1304, 830, 23, 1, 165.35),
(1305, 831, 33, 1, 178.85),
(1306, 832, 91, 1, 498.31),
(1307, 832, 143, 2, 188.61),
(1308, 832, 52, 1, 314.02),
(1309, 833, 191, 1, 254.76),
(1310, 834, 79, 3, 329.57),
(1311, 835, 16, 1, 238.47),
(1312, 835, 139, 1, 333.01),
(1313, 836, 75, 1, 457.39),
(1314, 837, 73, 1, 338.36),
(1315, 838, 33, 1, 118.68),
(1316, 839, 38, 1, 139.12),
(1317, 839, 41, 1, 473.01),
(1318, 839, 186, 1, 228.94),
(1319, 840, 19, 3, 282.01),
(1320, 841, 192, 1, 421.68),
(1321, 841, 101, 1, 180.66),
(1322, 842, 67, 1, 292.57),
(1323, 842, 180, 1, 335.91),
(1324, 843, 96, 1, 113.09),
(1325, 843, 174, 2, 240.35),
(1326, 844, 44, 1, 432.24),
(1327, 845, 199, 1, 32.85),
(1328, 845, 101, 1, 180.66),
(1329, 846, 27, 1, 300.17),
(1330, 847, 9, 3, 240.37),
(1331, 847, 143, 2, 188.61),
(1332, 847, 137, 3, 475.02),
(1333, 848, 3, 1, 166.25),
(1334, 849, 160, 1, 73.5),
(1335, 849, 180, 1, 335.91),
(1336, 849, 100, 1, 181.62),
(1337, 850, 143, 3, 188.61),
(1338, 851, 153, 1, 155.87),
(1339, 851, 89, 1, 228.1),
(1340, 851, 185, 1, 385.66),
(1341, 851, 188, 1, 416.21),
(1342, 852, 125, 1, 234.72),
(1343, 853, 91, 3, 498.31),
(1344, 854, 196, 1, 187.4),
(1345, 855, 31, 1, 207.37),
(1346, 856, 45, 1, 410.89),
(1347, 856, 175, 1, 267.96),
(1348, 856, 134, 1, 316.01),
(1349, 857, 80, 1, 24.06),
(1350, 857, 87, 1, 72.72),
(1351, 857, 81, 1, 41.81),
(1352, 857, 13, 1, 153.46),
(1353, 858, 114, 1, 202.96),
(1354, 859, 162, 3, 38.98),
(1355, 860, 43, 1, 192.23),
(1356, 861, 36, 1, 330.91),
(1357, 862, 175, 1, 267.96),
(1358, 863, 179, 1, 92.77),
(1359, 864, 86, 2, 273.25),
(1360, 864, 193, 1, 327.7),
(1361, 864, 60, 2, 44.27),
(1362, 865, 183, 1, 185.2),
(1363, 866, 179, 1, 92.77),
(1364, 867, 29, 1, 301.64),
(1365, 868, 166, 2, 388.66),
(1366, 868, 147, 1, 228.62),
(1367, 869, 135, 3, 282.43),
(1368, 869, 53, 1, 476.48),
(1369, 870, 128, 1, 393.93),
(1370, 870, 116, 1, 482.4),
(1371, 871, 44, 1, 432.24),
(1372, 871, 42, 1, 257.86),
(1373, 872, 61, 1, 346.94),
(1374, 873, 100, 1, 181.62),
(1375, 874, 166, 3, 447.27),
(1376, 875, 186, 1, 228.94),
(1377, 876, 33, 1, 178.85),
(1378, 877, 137, 2, 475.02),
(1379, 877, 127, 1, 228.82),
(1380, 878, 168, 2, 132.74),
(1381, 879, 150, 1, 396.57),
(1382, 880, 101, 1, 180.66),
(1383, 880, 162, 1, 38.98),
(1384, 881, 23, 2, 208.58),
(1385, 882, 159, 2, 395.16),
(1386, 883, 157, 1, 476.12),
(1387, 883, 80, 1, 24.06),
(1388, 884, 62, 1, 60.37),
(1389, 884, 181, 1, 312.0),
(1390, 885, 159, 1, 395.16),
(1391, 886, 64, 1, 416.92),
(1392, 886, 35, 1, 231.32),
(1393, 887, 79, 1, 329.57),
(1394, 887, 11, 1, 162.93),
(1395, 888, 81, 1, 56.78),
(1396, 888, 64, 1, 416.92),
(1397, 889, 116, 1, 482.4),
(1398, 890, 168, 1, 133.35),
(1399, 890, 32, 1, 97.11),
(1400, 890, 65, 1, 115.53),
(1401, 891, 115, 1, 290.7),
(1402, 891, 6, 1, 280.89),
(1403, 891, 147, 1, 228.62),
(1404, 891, 197, 1, 430.99),
(1405, 892, 76, 1, 284.02),
(1406, 892, 53, 1, 426.66),
(1407, 893, 186, 1, 228.94),
(1408, 894, 37, 2, 267.72),
(1409, 895, 21, 1, 307.33),
(1410, 896, 126, 1, 324.53),
(1411, 897, 127, 2, 228.82),
(1412, 897, 91, 1, 498.31),
(1413, 897, 33, 1, 178.85),
(1414, 898, 70, 1, 374.56),
(1415, 899, 105, 1, 286.06),
(1416, 900, 108, 1, 85.29),
(1417, 900, 104, 1, 22.22),
(1418, 901, 28, 1, 283.89),
(1419, 902, 40, 1, 226.23),
(1420, 903, 162, 2, 38.98),
(1421, 904, 51, 2, 362.72),
(1422, 904, 40, 1, 233.33),
(1423, 904, 170, 1, 227.54),
(1424, 905, 87, 1, 72.72),
(1425, 905, 90, 1, 365.08),
(1426, 906, 40, 1, 278.46),
(1427, 907, 90, 1, 365.08),
(1428, 907, 178, 1, 348.74),
(1429, 908, 191, 1, 214.69),
(1430, 908, 107, 1, 189.7),
(1431, 908, 80, 1, 24.06),
(1432, 909, 63, 1, 393.7),
(1433, 910, 114, 1, 202.96),
(1434, 911, 57, 1, 127.9),
(1435, 912, 144, 1, 254.93),
(1436, 913, 115, 1, 290.7),
(1437, 913, 130, 1, 265.32),
(1438, 914, 99, 1, 191.86),
(1439, 915, 121, 1, 104.86),
(1440, 916, 4, 1, 376.48),
(1441, 917, 93, 2, 69.96),
(1442, 918, 107, 1, 189.7),
(1443, 919, 94, 1, 230.77),
(1444, 920, 64, 1, 416.92),
(1445, 921, 99, 3, 281.18),
(1446, 921, 10, 1, 180.74),
(1447, 922, 169, 1, 332.51),
(1448, 922, 188, 3, 416.21),
(1449, 922, 21, 1, 307.33),
(1450, 923, 18, 1, 82.5),
(1451, 924, 108, 1, 85.29),
(1452, 924, 1, 1, 355.29),
(1453, 925, 61, 1, 346.94),
(1454, 926, 76, 1, 454.51),
(1455, 926, 140, 1, 67.35),
(1456, 927, 171, 1, 337.55),
(1457, 928, 105, 1, 286.06),
(1458, 928, 49, 1, 251.21),
(1459, 929, 19, 1, 282.01),
(1460, 930, 168, 1, 219.43),
(1461, 931, 139, 1, 333.01),
(1462, 931, 16, 1, 238.47),
(1463, 931, 99, 1, 281.18),
(1464, 932, 153, 2, 155.87),
(1465, 932, 103, 1, 404.35),
(1466, 933, 22, 1, 332.27),
(1467, 933, 27, 1, 300.17),
(1468, 934, 81, 1, 41.27),
(1469, 935, 116, 1, 291.84),
(1470, 935, 21, 1, 307.33),
(1471, 935, 93, 1, 69.96),
(1472, 935, 22, 1, 254.22),
(1473, 936, 80, 1, 24.06),
(1474, 937, 74, 2, 43.74),
(1475, 938, 38, 1, 139.12),
(1476, 939, 104, 1, 14.99),
(1477, 939, 22, 1, 288.58),
(1478, 940, 107, 1, 189.7),
(1479, 941, 81, 1, 56.78),
(1480, 941, 79, 1, 329.57),
(1481, 942, 41, 1, 473.01),
(1482, 943, 1, 2, 355.29),
(1483, 944, 148, 1, 442.35),
(1484, 944, 171, 1, 337.55),
(1485, 945, 92, 1, 357.79),
(1486, 946, 5, 1, 97.28),
(1487, 947, 153, 1, 109.99),
(1488, 948, 175, 1, 267.96),
(1489, 949, 137, 1, 475.02),
(1490, 950, 151, 1, 349.77),
(1491, 951, 68, 1, 375.01),
(1492, 951, 99, 1, 281.18),
(1493, 952, 166, 1, 447.27),
(1494, 953, 133, 1, 171.68),
(1495, 954, 54, 1, 317.9),
(1496, 955, 83, 3, 32.83),
(1497, 956, 7, 1, 280.59),
(1498, 957, 42, 1, 225.94),
(1499, 958, 55, 1, 488.36),
(1500, 959, 198, 1, 164.69);

INSERT INTO order_items (order_item_id, order_id, product_id, quantity, unit_price) VALUES
(1501, 959, 176, 1, 369.22),
(1502, 959, 35, 1, 231.32),
(1503, 960, 116, 1, 482.4),
(1504, 961, 160, 1, 73.5),
(1505, 962, 23, 1, 183.17),
(1506, 963, 105, 1, 286.06),
(1507, 963, 58, 1, 312.28),
(1508, 964, 91, 1, 498.31),
(1509, 965, 98, 1, 28.9),
(1510, 966, 28, 1, 351.57),
(1511, 967, 192, 2, 421.68),
(1512, 968, 29, 2, 301.64),
(1513, 968, 147, 1, 228.62),
(1514, 969, 50, 2, 435.02),
(1515, 969, 136, 2, 325.2),
(1516, 969, 78, 1, 198.83),
(1517, 970, 176, 1, 369.22),
(1518, 971, 51, 1, 362.72),
(1519, 971, 84, 2, 41.69),
(1520, 972, 37, 1, 313.71),
(1521, 973, 106, 1, 53.05),
(1522, 974, 72, 2, 52.34),
(1523, 974, 71, 2, 378.29),
(1524, 975, 154, 2, 24.94),
(1525, 976, 117, 1, 51.27),
(1526, 976, 75, 1, 457.39),
(1527, 977, 26, 1, 325.99),
(1528, 977, 135, 1, 282.43),
(1529, 978, 55, 1, 488.36),
(1530, 979, 165, 1, 142.15),
(1531, 980, 25, 1, 394.82),
(1532, 980, 117, 1, 51.27),
(1533, 980, 103, 1, 404.35),
(1534, 981, 128, 2, 478.24),
(1535, 981, 31, 1, 290.94),
(1536, 981, 126, 1, 324.53),
(1537, 982, 176, 1, 369.22),
(1538, 983, 5, 1, 97.28),
(1539, 984, 60, 1, 44.27),
(1540, 984, 97, 1, 217.54),
(1541, 984, 37, 1, 313.71),
(1542, 985, 30, 1, 33.95),
(1543, 986, 103, 1, 404.35),
(1544, 987, 58, 1, 242.53),
(1545, 988, 78, 1, 198.83),
(1546, 989, 30, 1, 52.84),
(1547, 989, 57, 1, 127.9),
(1548, 990, 132, 1, 40.36),
(1549, 990, 89, 1, 228.1),
(1550, 991, 2, 1, 310.41),
(1551, 992, 43, 1, 232.28),
(1552, 992, 181, 1, 357.5),
(1553, 992, 106, 1, 53.05),
(1554, 993, 29, 1, 301.64),
(1555, 993, 157, 1, 476.12),
(1556, 993, 132, 1, 40.36),
(1557, 994, 142, 1, 122.9),
(1558, 995, 140, 1, 96.8),
(1559, 996, 166, 1, 272.32),
(1560, 997, 134, 1, 483.14),
(1561, 998, 47, 2, 489.56),
(1562, 999, 22, 1, 332.27),
(1563, 999, 177, 2, 136.53),
(1564, 1000, 51, 1, 299.24);

INSERT INTO payments (payment_id, order_id, payment_date, amount, payment_method) VALUES
(1, 1, '2025-06-30', 93.66, 'Wallet'),
(2, 2, '2025-10-01', 257.86, 'Credit Card'),
(3, 3, '2025-07-07', 273.25, 'UPI'),
(4, 4, '2025-06-28', 214.29, 'Netbanking'),
(5, 5, '2025-02-17', 473.01, 'Debit Card'),
(6, 6, '2025-09-30', 1149.6, 'Wallet'),
(7, 7, '2025-11-06', 360.81, 'Debit Card'),
(8, 8, '2025-09-05', 1103.68, 'Netbanking'),
(9, 9, '2025-10-27', 361.76, 'UPI'),
(10, 10, '2025-08-19', 745.02, 'Wallet'),
(11, 11, '2024-08-30', 80.72, 'Credit Card'),
(12, 12, '2025-10-11', 360.81, 'Credit Card'),
(13, 13, '2025-09-09', 337.55, 'Credit Card'),
(14, 14, '2025-11-20', 365.19, 'Credit Card'),
(15, 15, '2025-10-23', 883.03, 'Netbanking'),
(16, 19, '2024-08-08', 330.91, 'UPI'),
(17, 20, '2025-05-20', 282.75, 'Wallet'),
(18, 21, '2025-07-01', 395.16, 'Debit Card'),
(19, 22, '2025-11-29', 217.54, 'Debit Card'),
(20, 25, '2025-10-13', 788.76, 'Wallet'),
(21, 26, '2025-05-01', 488.17, 'UPI'),
(22, 27, '2025-11-10', 396.57, 'Wallet'),
(23, 28, '2025-11-16', 740.77, 'Debit Card'),
(24, 29, '2025-02-15', 359.42, 'Netbanking'),
(25, 30, '2025-10-06', 620.82, 'Netbanking'),
(26, 31, '2025-11-30', 874.31, 'Credit Card'),
(27, 33, '2025-10-26', 689.34, 'Credit Card'),
(28, 34, '2024-07-01', 674.53, 'Wallet'),
(29, 35, '2025-09-04', 338.36, 'Credit Card'),
(30, 36, '2025-03-25', 317.9, 'Netbanking'),
(31, 37, '2025-01-01', 388.21, 'Credit Card'),
(32, 38, '2025-10-27', 56.78, 'UPI'),
(33, 39, '2024-11-28', 1227.45, 'Debit Card'),
(34, 40, '2025-09-20', 689.1, 'UPI'),
(35, 42, '2024-11-16', 383.2, 'Netbanking'),
(36, 43, '2025-07-26', 378.29, 'UPI'),
(37, 44, '2025-05-21', 795.96, 'Debit Card'),
(38, 45, '2025-04-16', 316.47, 'Credit Card'),
(39, 46, '2025-09-15', 238.47, 'Wallet'),
(40, 47, '2025-11-28', 1177.98, 'Wallet'),
(41, 48, '2025-08-05', 396.86, 'Wallet'),
(42, 49, '2025-02-15', 210.12, 'Netbanking'),
(43, 51, '2025-09-03', 21.2, 'Credit Card'),
(44, 52, '2025-10-01', 1082.43, 'Credit Card'),
(45, 54, '2025-08-01', 442.35, 'Netbanking'),
(46, 55, '2025-11-27', 327.12, 'Credit Card'),
(47, 57, '2024-11-09', 441.94, 'UPI'),
(48, 58, '2025-05-26', 82.5, 'UPI'),
(49, 59, '2025-11-08', 166.25, 'UPI'),
(50, 60, '2025-11-04', 312.28, 'Credit Card'),
(51, 62, '2024-12-15', 438.64, 'Debit Card'),
(52, 63, '2025-11-01', 188.61, 'UPI'),
(53, 65, '2025-11-26', 765.36, 'Credit Card'),
(54, 66, '2025-06-27', 142.69, 'Netbanking'),
(55, 67, '2024-06-25', 498.31, 'Wallet'),
(56, 69, '2025-03-10', 783.94, 'UPI'),
(57, 70, '2025-05-21', 349.77, 'Netbanking'),
(58, 71, '2025-08-23', 306.07, 'Wallet'),
(59, 73, '2025-11-03', 735.39, 'Wallet'),
(60, 77, '2025-06-24', 483.14, 'UPI'),
(61, 79, '2024-12-24', 251.21, 'Credit Card'),
(62, 80, '2025-08-20', 336.83, 'Wallet'),
(63, 81, '2025-09-05', 252.54, 'UPI'),
(64, 82, '2025-09-18', 290.94, 'Netbanking'),
(65, 83, '2025-03-01', 416.92, 'Debit Card'),
(66, 84, '2025-04-19', 92.77, 'Credit Card'),
(67, 85, '2024-07-22', 436.64, 'Debit Card'),
(68, 86, '2025-07-29', 689.27, 'Wallet'),
(69, 87, '2025-09-29', 305.1, 'Netbanking'),
(70, 89, '2024-12-10', 498.31, 'Wallet'),
(71, 90, '2025-08-13', 454.54, 'Credit Card'),
(72, 91, '2025-08-10', 689.25, 'Netbanking'),
(73, 92, '2024-05-14', 332.27, 'Netbanking'),
(74, 94, '2025-08-13', 771.32, 'Debit Card'),
(75, 95, '2024-05-09', 709.01, 'Netbanking'),
(76, 96, '2024-10-28', 681.78, 'Wallet'),
(77, 97, '2025-07-24', 14.87, 'UPI'),
(78, 99, '2025-02-21', 383.2, 'UPI'),
(79, 100, '2025-06-09', 282.43, 'Credit Card'),
(80, 102, '2025-02-03', 1474.82, 'Debit Card'),
(81, 103, '2025-03-05', 261.65, 'Wallet'),
(82, 104, '2025-11-05', 56.87, 'Wallet'),
(83, 107, '2025-06-25', 1491.44, 'Debit Card'),
(84, 108, '2025-02-03', 348.74, 'Credit Card'),
(85, 109, '2024-06-21', 290.7, 'Debit Card'),
(86, 110, '2025-09-21', 115.53, 'Debit Card'),
(87, 111, '2025-03-18', 800.51, 'Credit Card'),
(88, 112, '2025-06-16', 738.44, 'UPI'),
(89, 113, '2025-11-05', 360.81, 'Debit Card'),
(90, 115, '2024-09-24', 645.31, 'Wallet'),
(91, 116, '2025-09-19', 375.01, 'Netbanking'),
(92, 118, '2025-11-25', 373.41, 'Credit Card'),
(93, 119, '2024-09-19', 858.57, 'UPI'),
(94, 120, '2025-06-22', 374.56, 'Netbanking'),
(95, 122, '2025-10-25', 442.35, 'UPI'),
(96, 125, '2025-06-26', 412.2, 'Netbanking'),
(97, 127, '2025-07-25', 356.88, 'Wallet'),
(98, 128, '2025-09-18', 223.85, 'Debit Card'),
(99, 129, '2025-10-22', 872.55, 'UPI'),
(100, 130, '2025-07-19', 99.67, 'Wallet'),
(101, 133, '2025-11-20', 823.37, 'UPI'),
(102, 134, '2025-10-11', 273.25, 'Wallet'),
(103, 135, '2025-05-16', 300.17, 'UPI'),
(104, 136, '2024-11-18', 824.58, 'Debit Card'),
(105, 137, '2024-09-12', 472.6, 'Wallet'),
(106, 138, '2025-07-01', 842.67, 'UPI'),
(107, 139, '2025-09-17', 1349.09, 'Wallet'),
(108, 140, '2025-09-26', 305.41, 'Credit Card'),
(109, 141, '2025-11-24', 227.54, 'Debit Card'),
(110, 142, '2024-09-25', 198.83, 'Debit Card'),
(111, 143, '2025-09-19', 966.78, 'Netbanking'),
(112, 144, '2025-06-05', 2050.23, 'Credit Card'),
(113, 145, '2025-01-12', 408.88, 'UPI'),
(114, 146, '2025-10-26', 255.73, 'Netbanking'),
(115, 147, '2025-11-19', 313.27, 'UPI'),
(116, 149, '2025-09-23', 38.84, 'Netbanking'),
(117, 150, '2024-10-17', 136.53, 'Netbanking'),
(118, 151, '2025-07-26', 133.37, 'Netbanking'),
(119, 152, '2025-08-03', 617.29, 'Debit Card'),
(120, 153, '2025-11-02', 97.28, 'Netbanking'),
(121, 154, '2025-02-24', 512.34, 'Netbanking'),
(122, 155, '2025-11-28', 368.7, 'Credit Card'),
(123, 156, '2025-09-20', 179.51, 'Credit Card'),
(124, 160, '2025-09-23', 347.87, 'Credit Card'),
(125, 161, '2025-07-26', 40.36, 'UPI'),
(126, 163, '2024-12-28', 363.77, 'Wallet'),
(127, 164, '2024-09-30', 482.4, 'Credit Card'),
(128, 165, '2025-10-24', 332.27, 'Wallet'),
(129, 167, '2025-11-24', 252.54, 'Credit Card'),
(130, 171, '2025-11-17', 223.85, 'Netbanking'),
(131, 173, '2025-10-16', 234.72, 'Wallet'),
(132, 174, '2025-04-27', 357.3, 'Netbanking'),
(133, 175, '2025-08-05', 563.0, 'Wallet'),
(134, 176, '2025-11-28', 374.56, 'UPI'),
(135, 177, '2025-03-27', 592.53, 'Netbanking'),
(136, 178, '2025-08-19', 48.12, 'Debit Card'),
(137, 179, '2025-11-15', 111.52, 'UPI'),
(138, 180, '2024-09-08', 97.11, 'Debit Card'),
(139, 181, '2025-08-24', 672.85, 'UPI'),
(140, 182, '2025-05-09', 269.03, 'Wallet'),
(141, 183, '2025-10-10', 355.12, 'Credit Card'),
(142, 184, '2025-09-09', 693.76, 'UPI'),
(143, 185, '2025-02-24', 152.47, 'UPI'),
(144, 186, '2025-11-10', 73.5, 'UPI'),
(145, 187, '2025-11-10', 217.54, 'Wallet'),
(146, 188, '2025-10-19', 34.75, 'Credit Card'),
(147, 189, '2025-05-01', 853.92, 'Wallet'),
(148, 190, '2025-05-16', 17.33, 'UPI'),
(149, 191, '2025-06-29', 312.28, 'Netbanking'),
(150, 194, '2025-11-29', 488.17, 'Credit Card'),
(151, 195, '2025-10-22', 280.89, 'Credit Card'),
(152, 196, '2025-02-23', 82.5, 'Netbanking'),
(153, 197, '2025-10-24', 1022.62, 'Wallet'),
(154, 198, '2025-05-08', 578.56, 'Netbanking'),
(155, 200, '2025-11-07', 106.1, 'Wallet'),
(156, 201, '2025-07-18', 374.56, 'UPI'),
(157, 202, '2025-10-03', 144.63, 'Wallet'),
(158, 204, '2025-07-14', 23.78, 'UPI'),
(159, 207, '2025-03-10', 630.96, 'UPI'),
(160, 208, '2025-10-27', 365.08, 'Debit Card'),
(161, 209, '2025-08-12', 14.78, 'Credit Card'),
(162, 211, '2025-08-30', 349.77, 'Credit Card'),
(163, 212, '2025-07-20', 631.68, 'Credit Card'),
(164, 214, '2024-08-08', 596.25, 'Wallet'),
(165, 215, '2025-09-03', 679.26, 'Wallet'),
(166, 216, '2025-11-03', 672.0, 'Credit Card'),
(167, 217, '2025-10-12', 332.51, 'Debit Card'),
(168, 218, '2025-11-07', 187.62, 'UPI'),
(169, 219, '2025-04-03', 824.26, 'Wallet'),
(170, 220, '2025-08-25', 873.27, 'Credit Card'),
(171, 221, '2025-10-18', 142.15, 'Debit Card'),
(172, 222, '2025-03-10', 310.41, 'Credit Card'),
(173, 223, '2025-07-29', 488.46, 'Wallet'),
(174, 228, '2025-11-20', 223.85, 'Credit Card'),
(175, 229, '2025-06-03', 712.08, 'Debit Card'),
(176, 230, '2025-05-20', 40.36, 'Wallet'),
(177, 231, '2025-07-22', 168.79, 'Credit Card'),
(178, 232, '2025-05-31', 680.73, 'UPI'),
(179, 233, '2024-07-19', 543.91, 'Credit Card'),
(180, 234, '2025-02-15', 979.26, 'Wallet'),
(181, 236, '2025-06-02', 348.84, 'UPI'),
(182, 237, '2025-07-19', 1294.15, 'UPI'),
(183, 239, '2025-03-06', 378.29, 'UPI'),
(184, 240, '2025-02-08', 976.72, 'Debit Card'),
(185, 241, '2025-01-13', 443.37, 'Wallet'),
(186, 242, '2024-04-11', 103.14, 'Credit Card'),
(187, 243, '2025-05-12', 45.89, 'UPI'),
(188, 244, '2025-11-11', 280.59, 'Wallet'),
(189, 245, '2025-10-28', 92.77, 'UPI'),
(190, 246, '2025-03-01', 329.5, 'Netbanking'),
(191, 247, '2025-07-28', 681.04, 'Credit Card'),
(192, 248, '2025-06-11', 736.78, 'Debit Card'),
(193, 249, '2025-10-27', 1742.38, 'Credit Card'),
(194, 250, '2024-04-15', 442.92, 'Debit Card'),
(195, 251, '2025-11-04', 1274.28, 'Wallet'),
(196, 252, '2025-11-19', 506.73, 'Wallet'),
(197, 255, '2025-10-15', 272.44, 'Credit Card'),
(198, 256, '2025-10-21', 480.11, 'Credit Card'),
(199, 257, '2025-09-10', 1270.27, 'Netbanking'),
(200, 258, '2025-08-24', 332.27, 'Wallet'),
(201, 259, '2025-10-18', 354.73, 'UPI'),
(202, 260, '2025-05-21', 1446.95, 'Debit Card'),
(203, 261, '2025-11-24', 123.77, 'Wallet'),
(204, 262, '2024-12-16', 417.44, 'Debit Card'),
(205, 263, '2025-04-24', 228.82, 'Debit Card'),
(206, 265, '2025-06-06', 467.23, 'Debit Card'),
(207, 267, '2025-06-24', 797.8, 'UPI'),
(208, 268, '2025-08-11', 776.2, 'Credit Card'),
(209, 270, '2025-11-23', 488.36, 'Debit Card'),
(210, 271, '2025-04-20', 333.01, 'Netbanking'),
(211, 272, '2025-08-10', 529.77, 'Credit Card'),
(212, 273, '2025-01-19', 1118.58, 'Wallet'),
(213, 274, '2024-09-19', 97.11, 'UPI'),
(214, 276, '2025-07-02', 893.11, 'Netbanking'),
(215, 278, '2025-11-27', 208.58, 'Netbanking'),
(216, 279, '2025-03-03', 278.46, 'Wallet'),
(217, 280, '2024-10-12', 162.93, 'Wallet'),
(218, 281, '2024-11-21', 788.3, 'Netbanking'),
(219, 282, '2025-10-24', 280.59, 'Wallet'),
(220, 284, '2025-05-13', 44.27, 'Wallet'),
(221, 285, '2025-09-07', 864.71, 'UPI'),
(222, 286, '2025-06-13', 41.1, 'Netbanking'),
(223, 287, '2025-11-27', 543.8, 'Debit Card'),
(224, 288, '2025-11-21', 370.92, 'Debit Card'),
(225, 289, '2025-11-25', 164.22, 'Netbanking'),
(226, 291, '2024-05-03', 209.73, 'Debit Card'),
(227, 292, '2024-10-15', 565.02, 'Netbanking'),
(228, 293, '2025-09-30', 349.77, 'Wallet'),
(229, 294, '2025-08-13', 257.86, 'Netbanking'),
(230, 296, '2025-06-28', 162.93, 'Credit Card'),
(231, 297, '2025-08-27', 61.2, 'Credit Card'),
(232, 298, '2024-09-14', 360.81, 'Credit Card'),
(233, 299, '2024-10-07', 265.32, 'Wallet'),
(234, 301, '2025-08-16', 447.27, 'Netbanking'),
(235, 302, '2025-06-22', 1830.84, 'Debit Card'),
(236, 303, '2025-06-15', 358.15, 'Wallet'),
(237, 304, '2024-12-30', 581.88, 'UPI'),
(238, 305, '2025-11-01', 83.38, 'UPI'),
(239, 306, '2025-11-02', 388.21, 'UPI'),
(240, 307, '2024-09-30', 97.28, 'Credit Card'),
(241, 308, '2025-05-06', 375.01, 'UPI'),
(242, 309, '2025-11-03', 524.1, 'Netbanking'),
(243, 310, '2025-11-24', 634.63, 'Netbanking'),
(244, 312, '2025-10-23', 533.97, 'UPI'),
(245, 313, '2025-08-29', 368.7, 'Netbanking'),
(246, 314, '2024-07-20', 365.08, 'Debit Card'),
(247, 315, '2025-07-15', 97.28, 'Wallet'),
(248, 316, '2025-11-08', 816.31, 'Wallet'),
(249, 317, '2025-06-06', 515.99, 'Debit Card'),
(250, 318, '2024-11-19', 140.13, 'Wallet'),
(251, 319, '2025-08-13', 318.01, 'Netbanking'),
(252, 320, '2025-09-12', 191.87, 'Wallet'),
(253, 321, '2025-02-17', 643.71, 'UPI'),
(254, 323, '2025-08-14', 483.14, 'UPI'),
(255, 324, '2024-06-18', 139.87, 'Wallet'),
(256, 325, '2025-09-15', 71.43, 'UPI'),
(257, 326, '2025-08-28', 269.79, 'Netbanking'),
(258, 327, '2025-04-12', 219.43, 'Debit Card'),
(259, 328, '2025-11-09', 164.69, 'Debit Card'),
(260, 330, '2025-08-01', 461.84, 'Debit Card'),
(261, 331, '2025-08-06', 549.26, 'Wallet'),
(262, 332, '2025-10-31', 346.94, 'Wallet'),
(263, 333, '2025-10-01', 483.14, 'UPI'),
(264, 335, '2025-11-05', 45.89, 'UPI'),
(265, 336, '2025-07-29', 154.97, 'Debit Card'),
(266, 337, '2025-06-14', 69.96, 'UPI'),
(267, 338, '2024-07-23', 343.26, 'UPI'),
(268, 339, '2025-03-07', 133.37, 'Wallet'),
(269, 340, '2025-07-31', 324.53, 'Debit Card'),
(270, 341, '2025-09-30', 115.53, 'UPI'),
(271, 342, '2025-06-27', 585.16, 'Credit Card'),
(272, 343, '2025-09-04', 127.9, 'Wallet'),
(273, 346, '2025-04-03', 333.01, 'Wallet'),
(274, 347, '2024-05-24', 1803.33, 'Wallet'),
(275, 348, '2025-06-12', 94.4, 'Debit Card'),
(276, 349, '2025-04-06', 222.19, 'Netbanking'),
(277, 351, '2024-09-12', 394.82, 'UPI'),
(278, 352, '2025-09-20', 181.79, 'UPI'),
(279, 353, '2025-11-28', 482.4, 'Netbanking'),
(280, 354, '2025-11-17', 546.37, 'Wallet'),
(281, 355, '2025-11-12', 789.48, 'Credit Card'),
(282, 356, '2025-02-24', 819.2, 'Netbanking'),
(283, 357, '2025-10-23', 22.22, 'Netbanking'),
(284, 358, '2025-03-09', 326.66, 'Credit Card'),
(285, 360, '2024-08-25', 483.39, 'UPI'),
(286, 362, '2025-11-25', 1394.93, 'Credit Card'),
(287, 363, '2025-03-12', 338.36, 'Credit Card'),
(288, 365, '2025-05-30', 34.66, 'Credit Card'),
(289, 366, '2025-10-29', 1449.42, 'Debit Card'),
(290, 367, '2025-10-05', 52.84, 'UPI'),
(291, 368, '2025-01-12', 489.56, 'Netbanking'),
(292, 369, '2025-08-29', 483.54, 'Wallet'),
(293, 371, '2025-11-12', 180.66, 'Credit Card'),
(294, 372, '2025-02-21', 1129.44, 'Credit Card'),
(295, 373, '2025-11-08', 1190.98, 'Credit Card'),
(296, 376, '2025-10-01', 363.77, 'UPI'),
(297, 377, '2025-03-18', 325.2, 'Wallet'),
(298, 380, '2024-05-17', 363.77, 'Credit Card'),
(299, 381, '2024-09-24', 470.06, 'Debit Card'),
(300, 382, '2025-08-24', 210.12, 'Netbanking'),
(301, 384, '2025-11-10', 290.7, 'Debit Card'),
(302, 385, '2025-01-01', 333.01, 'Netbanking'),
(303, 386, '2024-08-27', 1176.4, 'Netbanking'),
(304, 387, '2024-12-26', 1126.2, 'Netbanking'),
(305, 388, '2025-04-01', 202.96, 'Debit Card'),
(306, 389, '2024-12-06', 238.47, 'Credit Card'),
(307, 390, '2025-09-17', 171.68, 'Debit Card'),
(308, 391, '2024-03-23', 22.22, 'Netbanking'),
(309, 392, '2025-07-02', 508.09, 'Netbanking'),
(310, 393, '2025-08-02', 382.17, 'Wallet'),
(311, 394, '2025-06-22', 396.57, 'Debit Card'),
(312, 395, '2024-04-21', 390.25, 'Netbanking'),
(313, 396, '2025-01-08', 630.18, 'Wallet'),
(314, 397, '2025-05-15', 280.89, 'Wallet'),
(315, 398, '2025-01-11', 65.7, 'UPI'),
(316, 399, '2025-10-03', 408.71, 'Wallet'),
(317, 400, '2025-11-11', 208.87, 'Debit Card'),
(318, 401, '2025-11-05', 335.91, 'UPI'),
(319, 402, '2025-11-27', 421.68, 'Debit Card'),
(320, 403, '2025-10-29', 576.0, 'Netbanking'),
(321, 405, '2025-06-11', 121.19, 'Wallet'),
(322, 407, '2025-05-23', 177.48, 'Wallet'),
(323, 408, '2025-08-01', 476.12, 'UPI'),
(324, 409, '2025-09-18', 120.74, 'Debit Card'),
(325, 410, '2024-11-17', 361.23, 'Netbanking'),
(326, 411, '2025-06-20', 802.59, 'UPI'),
(327, 412, '2025-08-07', 620.82, 'Netbanking'),
(328, 413, '2024-12-27', 780.48, 'Debit Card'),
(329, 414, '2025-09-16', 1001.22, 'UPI'),
(330, 415, '2025-11-11', 388.21, 'Credit Card'),
(331, 416, '2025-07-26', 165.64, 'Netbanking'),
(332, 419, '2025-11-11', 208.58, 'Wallet'),
(333, 421, '2024-11-10', 723.12, 'Credit Card'),
(334, 422, '2024-11-07', 74.67, 'UPI'),
(335, 424, '2025-10-09', 758.95, 'Debit Card'),
(336, 426, '2025-09-12', 257.86, 'Credit Card'),
(337, 427, '2025-11-24', 452.83, 'UPI'),
(338, 428, '2024-12-18', 435.02, 'UPI'),
(339, 430, '2025-10-16', 232.28, 'Netbanking'),
(340, 432, '2025-11-29', 1089.35, 'Netbanking'),
(341, 433, '2025-05-28', 915.74, 'Credit Card'),
(342, 434, '2024-11-29', 488.17, 'Netbanking'),
(343, 435, '2024-12-08', 896.48, 'UPI'),
(344, 436, '2024-04-12', 1308.11, 'UPI'),
(345, 437, '2025-11-18', 164.69, 'Netbanking'),
(346, 438, '2024-08-26', 254.93, 'Wallet'),
(347, 439, '2024-06-30', 127.9, 'Wallet'),
(348, 440, '2025-08-10', 356.79, 'Credit Card'),
(349, 441, '2025-08-02', 1180.66, 'Wallet'),
(350, 442, '2025-03-19', 85.27, 'Debit Card'),
(351, 443, '2025-10-11', 324.53, 'Wallet'),
(352, 444, '2024-10-15', 240.37, 'Credit Card'),
(353, 445, '2025-11-23', 607.56, 'Netbanking'),
(354, 446, '2025-05-04', 70.94, 'UPI'),
(355, 448, '2025-10-21', 1363.76, 'Credit Card'),
(356, 450, '2025-10-11', 517.59, 'Debit Card'),
(357, 451, '2025-01-07', 453.93, 'Wallet'),
(358, 452, '2024-12-17', 238.47, 'Debit Card'),
(359, 454, '2025-08-07', 254.66, 'Netbanking'),
(360, 455, '2025-11-29', 513.25, 'Debit Card'),
(361, 456, '2025-02-06', 769.14, 'Debit Card'),
(362, 457, '2025-06-02', 430.99, 'UPI'),
(363, 458, '2025-09-29', 376.48, 'Debit Card'),
(364, 461, '2025-06-21', 67.62, 'Credit Card'),
(365, 462, '2025-07-12', 60.12, 'Credit Card'),
(366, 463, '2025-08-14', 332.51, 'Netbanking'),
(367, 464, '2025-05-19', 38.84, 'Credit Card'),
(368, 465, '2025-08-29', 146.94, 'Debit Card'),
(369, 466, '2025-10-01', 376.48, 'UPI'),
(370, 468, '2025-08-06', 227.54, 'Credit Card'),
(371, 469, '2025-10-29', 1447.2, 'Netbanking'),
(372, 470, '2025-11-26', 24.06, 'Netbanking'),
(373, 471, '2025-10-30', 600.27, 'Credit Card'),
(374, 472, '2025-01-17', 234.72, 'Credit Card'),
(375, 474, '2025-11-05', 424.01, 'Netbanking'),
(376, 475, '2024-09-10', 823.25, 'Credit Card'),
(377, 476, '2025-11-30', 426.72, 'Wallet'),
(378, 478, '2025-05-14', 562.36, 'Credit Card'),
(379, 480, '2025-11-19', 476.48, 'Wallet'),
(380, 482, '2025-09-22', 719.11, 'Wallet'),
(381, 484, '2025-04-02', 611.14, 'UPI'),
(382, 485, '2025-09-11', 355.12, 'Wallet'),
(383, 486, '2024-12-11', 278.77, 'UPI'),
(384, 487, '2025-01-14', 797.09, 'Netbanking'),
(385, 488, '2025-09-13', 89.06, 'Netbanking'),
(386, 489, '2025-02-13', 324.53, 'Netbanking'),
(387, 490, '2025-04-28', 29.38, 'Debit Card'),
(388, 491, '2025-06-23', 948.8, 'Wallet'),
(389, 492, '2024-12-20', 375.01, 'Netbanking'),
(390, 493, '2025-06-14', 199.96, 'Debit Card'),
(391, 494, '2025-07-18', 200.39, 'UPI'),
(392, 495, '2025-11-17', 635.56, 'Credit Card'),
(393, 496, '2025-09-06', 541.97, 'Debit Card'),
(394, 497, '2025-10-21', 553.52, 'Credit Card'),
(395, 498, '2025-11-27', 655.28, 'Debit Card'),
(396, 500, '2025-11-14', 461.84, 'UPI'),
(397, 501, '2025-08-07', 228.62, 'Wallet'),
(398, 502, '2024-08-23', 789.64, 'UPI'),
(399, 503, '2025-02-01', 203.98, 'Debit Card'),
(400, 504, '2025-02-27', 239.88, 'Credit Card'),
(401, 505, '2025-10-22', 483.14, 'Debit Card'),
(402, 506, '2024-10-15', 454.51, 'Netbanking'),
(403, 508, '2025-01-21', 273.25, 'Credit Card'),
(404, 509, '2024-09-26', 300.17, 'Netbanking'),
(405, 510, '2025-11-13', 439.98, 'Netbanking'),
(406, 512, '2025-10-15', 280.59, 'Debit Card'),
(407, 513, '2025-04-11', 901.25, 'Netbanking'),
(408, 514, '2024-11-16', 280.89, 'Netbanking'),
(409, 515, '2025-04-15', 416.21, 'UPI'),
(410, 516, '2025-10-12', 338.07, 'Credit Card'),
(411, 517, '2025-08-15', 217.54, 'Wallet'),
(412, 518, '2025-10-05', 454.51, 'Netbanking'),
(413, 519, '2025-01-29', 351.57, 'UPI'),
(414, 521, '2025-10-03', 180.74, 'Wallet'),
(415, 523, '2025-09-09', 414.33, 'Wallet'),
(416, 525, '2025-08-07', 1412.92, 'UPI'),
(417, 526, '2025-11-24', 97.28, 'Debit Card'),
(418, 527, '2025-07-10', 155.85, 'Wallet'),
(419, 528, '2025-10-27', 77.68, 'Credit Card'),
(420, 529, '2025-07-22', 691.47, 'Netbanking'),
(421, 531, '2025-09-03', 856.51, 'Credit Card'),
(422, 532, '2025-08-10', 164.55, 'Wallet'),
(423, 534, '2025-08-26', 270.73, 'Credit Card'),
(424, 536, '2025-09-06', 480.74, 'Netbanking'),
(425, 539, '2024-11-15', 180.66, 'Wallet'),
(426, 540, '2025-09-20', 824.99, 'Debit Card'),
(427, 541, '2025-11-24', 945.05, 'Wallet'),
(428, 542, '2025-03-28', 369.22, 'Netbanking'),
(429, 543, '2025-06-25', 892.28, 'UPI'),
(430, 544, '2025-10-05', 1230.24, 'Netbanking'),
(431, 545, '2025-05-13', 430.99, 'UPI'),
(432, 546, '2025-08-18', 209.73, 'UPI'),
(433, 549, '2025-11-20', 662.64, 'Wallet'),
(434, 550, '2025-11-07', 910.97, 'Debit Card'),
(435, 551, '2024-11-01', 181.62, 'UPI'),
(436, 553, '2025-08-14', 383.25, 'Debit Card'),
(437, 555, '2025-11-23', 421.68, 'Wallet'),
(438, 556, '2025-11-27', 128.09, 'UPI'),
(439, 557, '2025-06-26', 1095.24, 'Netbanking'),
(440, 559, '2025-04-14', 134.09, 'Debit Card'),
(441, 560, '2025-10-10', 423.08, 'Netbanking'),
(442, 562, '2024-08-19', 22.22, 'UPI'),
(443, 563, '2025-09-06', 188.61, 'Debit Card'),
(444, 564, '2024-08-20', 783.41, 'Netbanking'),
(445, 565, '2024-08-27', 208.71, 'Credit Card'),
(446, 566, '2025-11-21', 52.84, 'Debit Card'),
(447, 567, '2025-05-23', 245.13, 'Credit Card'),
(448, 568, '2025-06-14', 164.22, 'Netbanking'),
(449, 569, '2025-05-16', 65.22, 'Wallet'),
(450, 570, '2024-06-10', 142.69, 'Credit Card'),
(451, 572, '2025-07-15', 363.52, 'UPI'),
(452, 573, '2025-07-16', 308.47, 'Debit Card'),
(453, 574, '2025-09-18', 232.28, 'UPI'),
(454, 575, '2025-10-12', 313.03, 'Netbanking'),
(455, 576, '2025-09-24', 301.64, 'UPI'),
(456, 578, '2025-06-22', 330.91, 'Wallet'),
(457, 579, '2025-07-30', 560.28, 'UPI'),
(458, 580, '2025-10-31', 457.39, 'Wallet'),
(459, 581, '2025-10-20', 307.44, 'Debit Card'),
(460, 582, '2025-11-02', 189.7, 'Wallet'),
(461, 583, '2024-11-12', 478.24, 'Credit Card'),
(462, 585, '2025-09-14', 324.53, 'UPI'),
(463, 586, '2025-08-21', 51.27, 'UPI'),
(464, 587, '2025-08-15', 827.51, 'Credit Card'),
(465, 588, '2025-04-11', 22.22, 'Wallet'),
(466, 589, '2025-07-03', 217.54, 'UPI'),
(467, 590, '2025-08-01', 478.24, 'Wallet'),
(468, 591, '2025-11-13', 92.77, 'Netbanking'),
(469, 592, '2024-11-09', 273.25, 'Debit Card'),
(470, 593, '2025-10-15', 832.78, 'Debit Card'),
(471, 595, '2025-03-29', 61.2, 'Wallet'),
(472, 596, '2024-12-12', 228.1, 'Debit Card'),
(473, 597, '2025-04-25', 396.48, 'Netbanking'),
(474, 598, '2025-01-13', 396.57, 'UPI'),
(475, 599, '2024-11-04', 104.86, 'Credit Card'),
(476, 600, '2025-03-24', 1327.78, 'Netbanking'),
(477, 601, '2025-02-01', 610.03, 'UPI'),
(478, 602, '2025-11-30', 489.56, 'Credit Card'),
(479, 603, '2025-07-03', 210.51, 'Netbanking'),
(480, 604, '2025-10-10', 451.15, 'UPI'),
(481, 606, '2025-09-21', 40.36, 'Wallet'),
(482, 607, '2025-09-05', 218.17, 'Debit Card'),
(483, 608, '2025-09-22', 202.32, 'UPI'),
(484, 609, '2024-06-30', 223.85, 'Netbanking'),
(485, 610, '2025-10-18', 475.9, 'Netbanking'),
(486, 611, '2025-10-13', 853.44, 'UPI'),
(487, 612, '2025-09-26', 578.26, 'Credit Card'),
(488, 614, '2025-05-03', 133.37, 'UPI'),
(489, 615, '2025-05-05', 332.5, 'Credit Card'),
(490, 618, '2025-07-20', 579.51, 'UPI'),
(491, 619, '2025-11-04', 32.85, 'Debit Card'),
(492, 620, '2025-11-20', 751.49, 'Wallet'),
(493, 621, '2025-11-25', 265.32, 'Debit Card'),
(494, 622, '2025-05-21', 724.73, 'UPI'),
(495, 623, '2025-08-25', 200.18, 'Credit Card'),
(496, 625, '2024-10-29', 206.44, 'Credit Card'),
(497, 627, '2025-07-14', 251.35, 'Credit Card'),
(498, 628, '2025-11-01', 282.43, 'UPI'),
(499, 629, '2025-06-23', 40.36, 'Credit Card'),
(500, 630, '2025-10-19', 30.58, 'Credit Card');

INSERT INTO payments (payment_id, order_id, payment_date, amount, payment_method) VALUES
(501, 631, '2024-11-16', 725.73, 'Netbanking'),
(502, 632, '2025-03-22', 228.1, 'Credit Card'),
(503, 635, '2025-04-03', 67.59, 'Credit Card'),
(504, 637, '2024-06-17', 358.69, 'Netbanking'),
(505, 639, '2025-08-21', 779.58, 'Netbanking'),
(506, 640, '2025-11-23', 261.19, 'Debit Card'),
(507, 643, '2025-09-07', 519.17, 'Credit Card'),
(508, 644, '2024-04-16', 127.17, 'UPI'),
(509, 645, '2025-03-03', 164.22, 'Wallet'),
(510, 646, '2025-11-27', 351.57, 'Debit Card'),
(511, 648, '2024-08-02', 1314.41, 'Debit Card'),
(512, 649, '2024-09-02', 677.13, 'Netbanking'),
(513, 650, '2025-07-01', 507.69, 'Credit Card'),
(514, 651, '2025-11-29', 281.18, 'Credit Card'),
(515, 652, '2025-08-03', 1151.0, 'Credit Card'),
(516, 653, '2025-09-16', 829.34, 'UPI'),
(517, 654, '2025-03-27', 1776.29, 'Wallet'),
(518, 655, '2024-04-19', 548.5, 'UPI'),
(519, 656, '2025-01-09', 377.22, 'Debit Card'),
(520, 658, '2025-06-14', 41.69, 'UPI'),
(521, 659, '2025-10-29', 60.37, 'Netbanking'),
(522, 660, '2025-11-30', 812.65, 'Credit Card'),
(523, 661, '2025-10-28', 224.94, 'Debit Card'),
(524, 662, '2025-10-13', 865.05, 'Wallet'),
(525, 663, '2025-10-29', 171.68, 'UPI'),
(526, 664, '2025-02-03', 188.61, 'Debit Card'),
(527, 665, '2025-08-13', 1116.99, 'Credit Card'),
(528, 666, '2025-10-17', 928.07, 'Wallet'),
(529, 667, '2024-07-29', 210.12, 'Wallet'),
(530, 668, '2025-08-15', 83.38, 'Debit Card'),
(531, 669, '2025-09-15', 40.96, 'UPI'),
(532, 670, '2025-01-25', 232.28, 'Wallet'),
(533, 671, '2025-04-07', 498.61, 'Credit Card'),
(534, 672, '2025-03-17', 293.78, 'Netbanking'),
(535, 673, '2025-08-18', 628.31, 'Credit Card'),
(536, 675, '2025-10-12', 481.05, 'Credit Card'),
(537, 676, '2024-09-19', 930.19, 'Credit Card'),
(538, 678, '2025-06-05', 271.74, 'Credit Card'),
(539, 679, '2024-08-14', 457.64, 'UPI'),
(540, 680, '2025-05-11', 814.76, 'Credit Card'),
(541, 681, '2025-09-11', 392.68, 'Debit Card'),
(542, 683, '2025-01-07', 914.07, 'Debit Card'),
(543, 685, '2025-06-19', 428.18, 'Credit Card'),
(544, 686, '2025-09-26', 268.65, 'Debit Card'),
(545, 688, '2025-11-10', 208.58, 'Debit Card'),
(546, 689, '2025-09-02', 177.9, 'Debit Card'),
(547, 690, '2025-07-30', 73.29, 'Debit Card'),
(548, 691, '2025-06-06', 139.12, 'Debit Card'),
(549, 696, '2025-02-28', 39.22, 'UPI'),
(550, 697, '2025-10-16', 227.54, 'UPI'),
(551, 698, '2024-09-05', 133.37, 'Netbanking'),
(552, 699, '2025-06-15', 836.81, 'Wallet'),
(553, 700, '2025-07-15', 1020.45, 'UPI'),
(554, 702, '2025-08-30', 396.71, 'Netbanking'),
(555, 703, '2025-10-05', 894.85, 'Debit Card'),
(556, 704, '2025-04-16', 452.87, 'Wallet'),
(557, 705, '2025-07-20', 430.99, 'Debit Card'),
(558, 707, '2024-11-01', 22.22, 'Netbanking'),
(559, 708, '2025-11-01', 436.64, 'UPI'),
(560, 709, '2025-06-25', 346.94, 'UPI'),
(561, 710, '2025-11-05', 321.05, 'Wallet'),
(562, 712, '2025-09-03', 789.64, 'Credit Card'),
(563, 713, '2025-06-13', 202.32, 'Debit Card'),
(564, 714, '2024-12-29', 1104.68, 'Debit Card'),
(565, 715, '2025-07-12', 316.47, 'UPI'),
(566, 716, '2025-06-07', 483.39, 'Credit Card'),
(567, 718, '2025-09-12', 251.03, 'Debit Card'),
(568, 719, '2025-11-01', 482.4, 'Debit Card'),
(569, 720, '2025-09-07', 222.95, 'Wallet'),
(570, 721, '2025-10-30', 917.59, 'Credit Card'),
(571, 722, '2025-08-01', 853.15, 'Credit Card'),
(572, 723, '2025-05-16', 565.69, 'Credit Card'),
(573, 724, '2025-09-15', 804.74, 'Netbanking'),
(574, 725, '2025-09-10', 265.32, 'UPI'),
(575, 726, '2025-04-24', 718.27, 'UPI'),
(576, 727, '2025-09-17', 475.02, 'Debit Card'),
(577, 728, '2025-06-11', 67.59, 'Wallet'),
(578, 729, '2024-07-29', 717.56, 'Credit Card'),
(579, 730, '2025-10-12', 53.05, 'Wallet'),
(580, 731, '2025-11-07', 603.76, 'Wallet'),
(581, 732, '2025-08-24', 416.92, 'Netbanking'),
(582, 733, '2025-11-06', 354.58, 'Debit Card'),
(583, 734, '2025-11-16', 45.89, 'UPI'),
(584, 735, '2025-08-06', 405.92, 'UPI'),
(585, 736, '2025-09-26', 745.59, 'Netbanking'),
(586, 737, '2025-08-22', 461.54, 'Credit Card'),
(587, 738, '2025-02-12', 254.93, 'Wallet'),
(588, 739, '2025-06-20', 142.87, 'Netbanking'),
(589, 741, '2025-05-18', 228.94, 'Wallet'),
(590, 742, '2025-07-28', 1061.75, 'Wallet'),
(591, 743, '2024-08-14', 335.99, 'Debit Card'),
(592, 744, '2025-08-23', 65.7, 'Debit Card'),
(593, 745, '2025-11-22', 1911.29, 'Wallet'),
(594, 746, '2025-11-07', 363.24, 'Wallet'),
(595, 747, '2024-08-22', 286.4, 'Debit Card'),
(596, 749, '2025-07-29', 570.77, 'UPI'),
(597, 750, '2025-11-04', 310.41, 'Credit Card'),
(598, 752, '2025-06-29', 28.59, 'Netbanking'),
(599, 753, '2025-09-30', 338.36, 'Debit Card'),
(600, 754, '2025-06-01', 164.69, 'Credit Card'),
(601, 755, '2025-11-14', 343.06, 'Debit Card'),
(602, 757, '2025-01-29', 143.81, 'Debit Card'),
(603, 759, '2025-01-01', 421.68, 'Debit Card'),
(604, 762, '2025-07-07', 222.37, 'Credit Card'),
(605, 764, '2025-08-17', 337.55, 'Debit Card'),
(606, 765, '2025-10-31', 30.07, 'Netbanking'),
(607, 766, '2025-09-18', 376.48, 'Debit Card'),
(608, 767, '2025-08-31', 858.18, 'Netbanking'),
(609, 768, '2025-08-30', 198.96, 'Debit Card'),
(610, 770, '2024-05-25', 335.91, 'Netbanking'),
(611, 771, '2025-01-21', 427.81, 'UPI'),
(612, 773, '2025-08-18', 638.53, 'Netbanking'),
(613, 774, '2025-05-28', 30.58, 'UPI'),
(614, 775, '2025-11-18', 324.53, 'Wallet'),
(615, 776, '2025-03-31', 685.57, 'Wallet'),
(616, 777, '2025-11-24', 188.61, 'UPI'),
(617, 779, '2025-10-17', 254.76, 'Credit Card'),
(618, 780, '2025-07-31', 316.16, 'UPI'),
(619, 781, '2025-06-23', 245.13, 'UPI'),
(620, 782, '2025-08-07', 189.7, 'Credit Card'),
(621, 783, '2025-11-07', 424.01, 'Wallet'),
(622, 784, '2025-11-14', 570.01, 'Credit Card'),
(623, 785, '2024-11-11', 436.64, 'Debit Card'),
(624, 786, '2025-08-08', 212.1, 'Debit Card'),
(625, 787, '2025-04-13', 478.24, 'Debit Card'),
(626, 788, '2025-11-09', 718.68, 'Netbanking'),
(627, 789, '2025-04-14', 355.12, 'UPI'),
(628, 790, '2024-06-03', 339.5, 'UPI'),
(629, 791, '2025-11-03', 250.34, 'Netbanking'),
(630, 792, '2025-10-23', 533.8, 'Netbanking'),
(631, 794, '2025-05-01', 317.97, 'Debit Card'),
(632, 795, '2025-02-26', 174.42, 'Netbanking'),
(633, 796, '2025-11-11', 533.87, 'Credit Card'),
(634, 797, '2025-09-02', 317.39, 'Credit Card'),
(635, 798, '2025-05-28', 157.07, 'Credit Card'),
(636, 799, '2024-06-15', 332.5, 'UPI'),
(637, 800, '2024-12-29', 721.62, 'Wallet'),
(638, 801, '2025-09-19', 330.95, 'Netbanking'),
(639, 802, '2025-11-10', 807.61, 'Netbanking'),
(640, 803, '2025-02-28', 174.42, 'Netbanking'),
(641, 804, '2025-06-18', 187.73, 'Netbanking'),
(642, 805, '2025-03-12', 348.74, 'Credit Card'),
(643, 806, '2025-05-16', 272.44, 'Netbanking'),
(644, 808, '2025-09-27', 638.68, 'Credit Card'),
(645, 809, '2025-09-14', 585.14, 'Netbanking'),
(646, 811, '2025-11-02', 313.71, 'UPI'),
(647, 814, '2025-10-22', 1141.29, 'UPI'),
(648, 815, '2024-08-08', 357.3, 'Debit Card'),
(649, 817, '2025-10-27', 245.13, 'Netbanking'),
(650, 818, '2025-11-30', 177.9, 'Credit Card'),
(651, 819, '2025-01-12', 85.29, 'Credit Card'),
(652, 820, '2025-05-01', 470.06, 'Wallet'),
(653, 821, '2025-08-13', 746.05, 'Debit Card'),
(654, 823, '2025-11-13', 991.34, 'Netbanking'),
(655, 824, '2024-08-26', 232.28, 'Netbanking'),
(656, 827, '2025-08-10', 301.64, 'Credit Card'),
(657, 828, '2025-01-27', 119.37, 'Netbanking'),
(658, 829, '2025-08-18', 436.64, 'UPI'),
(659, 831, '2025-03-28', 178.85, 'Wallet'),
(660, 833, '2024-09-28', 254.76, 'Netbanking'),
(661, 834, '2025-07-16', 988.71, 'UPI'),
(662, 835, '2024-03-22', 571.48, 'Wallet'),
(663, 837, '2025-01-27', 338.36, 'Debit Card'),
(664, 838, '2025-03-28', 118.68, 'UPI'),
(665, 839, '2025-04-05', 841.07, 'Credit Card'),
(666, 840, '2025-07-15', 846.03, 'UPI'),
(667, 841, '2025-08-12', 135.48, 'UPI'),
(668, 842, '2025-10-26', 628.48, 'Wallet'),
(669, 844, '2025-02-25', 432.24, 'Debit Card'),
(670, 845, '2025-03-09', 213.51, 'Wallet'),
(671, 847, '2024-04-19', 2523.39, 'Debit Card'),
(672, 850, '2025-11-25', 565.83, 'Netbanking'),
(673, 851, '2025-09-21', 1185.84, 'UPI'),
(674, 852, '2025-11-26', 234.72, 'Netbanking'),
(675, 853, '2025-11-30', 1494.93, 'Wallet'),
(676, 854, '2025-11-02', 187.4, 'Netbanking'),
(677, 855, '2025-04-03', 207.37, 'Credit Card'),
(678, 856, '2025-04-12', 994.86, 'UPI'),
(679, 857, '2024-02-14', 292.05, 'Debit Card'),
(680, 858, '2024-09-18', 202.96, 'Netbanking'),
(681, 859, '2025-11-07', 116.94, 'Credit Card'),
(682, 860, '2025-10-30', 124.13, 'Netbanking'),
(683, 862, '2025-04-05', 267.96, 'UPI'),
(684, 863, '2025-11-25', 92.77, 'Credit Card'),
(685, 864, '2025-10-05', 962.74, 'Credit Card'),
(686, 865, '2024-12-25', 185.2, 'Wallet'),
(687, 866, '2025-06-30', 92.77, 'UPI'),
(688, 867, '2025-06-17', 301.64, 'Wallet'),
(689, 868, '2025-10-07', 1005.94, 'Debit Card'),
(690, 869, '2025-10-01', 1323.77, 'UPI'),
(691, 870, '2025-11-25', 876.33, 'Debit Card'),
(692, 871, '2025-07-31', 690.1, 'UPI'),
(693, 873, '2024-08-18', 181.62, 'UPI'),
(694, 875, '2025-10-13', 228.94, 'Credit Card'),
(695, 876, '2025-08-21', 178.85, 'Netbanking'),
(696, 877, '2025-04-20', 1178.86, 'UPI'),
(697, 878, '2025-06-09', 265.48, 'Credit Card'),
(698, 879, '2025-11-24', 396.57, 'Debit Card'),
(699, 881, '2025-07-08', 417.16, 'Netbanking'),
(700, 882, '2024-07-18', 790.32, 'UPI'),
(701, 883, '2025-06-27', 309.79, 'UPI'),
(702, 884, '2024-07-24', 372.37, 'Debit Card'),
(703, 885, '2025-05-17', 395.16, 'Credit Card'),
(704, 886, '2025-05-04', 648.24, 'Debit Card'),
(705, 887, '2025-01-06', 492.5, 'Wallet'),
(706, 888, '2024-12-15', 473.7, 'Wallet'),
(707, 889, '2025-11-19', 482.4, 'Wallet'),
(708, 890, '2025-04-24', 345.99, 'Wallet'),
(709, 891, '2025-10-28', 1231.2, 'Wallet'),
(710, 892, '2025-02-19', 710.68, 'Netbanking'),
(711, 893, '2025-11-20', 228.94, 'Credit Card'),
(712, 894, '2025-11-07', 535.44, 'UPI'),
(713, 895, '2025-10-01', 307.33, 'UPI'),
(714, 898, '2025-10-02', 374.56, 'Netbanking'),
(715, 899, '2025-10-28', 286.06, 'Netbanking'),
(716, 900, '2024-09-03', 107.51, 'Wallet'),
(717, 901, '2025-08-05', 283.89, 'Debit Card'),
(718, 902, '2025-10-19', 226.23, 'UPI'),
(719, 903, '2025-07-13', 77.96, 'Credit Card'),
(720, 904, '2025-11-30', 1186.31, 'Credit Card'),
(721, 906, '2025-04-24', 278.46, 'Credit Card'),
(722, 907, '2025-09-28', 713.82, 'Wallet'),
(723, 908, '2025-04-10', 428.45, 'UPI'),
(724, 909, '2025-05-16', 393.7, 'UPI'),
(725, 910, '2025-10-01', 202.96, 'Netbanking'),
(726, 911, '2024-08-29', 127.9, 'Debit Card'),
(727, 912, '2025-06-01', 254.93, 'Wallet'),
(728, 913, '2025-09-27', 248.06, 'Netbanking'),
(729, 914, '2025-07-21', 191.86, 'UPI'),
(730, 915, '2025-10-05', 104.86, 'Netbanking'),
(731, 916, '2025-01-11', 376.48, 'Netbanking'),
(732, 917, '2025-10-24', 139.92, 'Debit Card'),
(733, 918, '2025-07-12', 189.7, 'Wallet'),
(734, 919, '2025-11-06', 230.77, 'Credit Card'),
(735, 921, '2025-06-05', 1024.28, 'Netbanking'),
(736, 922, '2025-11-12', 1888.47, 'Debit Card'),
(737, 923, '2024-09-26', 82.5, 'Wallet'),
(738, 925, '2024-10-27', 346.94, 'Debit Card'),
(739, 926, '2025-10-28', 521.86, 'Netbanking'),
(740, 927, '2025-07-09', 337.55, 'UPI'),
(741, 928, '2025-11-14', 537.27, 'Debit Card'),
(742, 929, '2025-06-10', 282.01, 'Wallet'),
(743, 930, '2025-04-09', 219.43, 'UPI'),
(744, 932, '2025-08-01', 716.09, 'UPI'),
(745, 933, '2025-11-04', 632.44, 'Wallet'),
(746, 935, '2025-05-21', 445.77, 'UPI'),
(747, 937, '2025-05-12', 87.48, 'Debit Card'),
(748, 938, '2025-08-20', 139.12, 'Netbanking'),
(749, 939, '2025-03-23', 303.57, 'Credit Card'),
(750, 940, '2025-11-02', 189.7, 'UPI'),
(751, 941, '2025-09-04', 386.35, 'Debit Card'),
(752, 942, '2024-07-11', 473.01, 'Netbanking'),
(753, 943, '2025-08-27', 710.58, 'Netbanking'),
(754, 945, '2025-07-15', 357.79, 'Debit Card'),
(755, 946, '2025-10-22', 97.28, 'Credit Card'),
(756, 949, '2024-07-24', 475.02, 'Wallet'),
(757, 950, '2025-11-08', 349.77, 'Wallet'),
(758, 951, '2025-02-14', 656.19, 'Wallet'),
(759, 952, '2025-09-23', 447.27, 'Netbanking'),
(760, 953, '2024-12-08', 171.68, 'UPI'),
(761, 955, '2024-12-20', 98.49, 'Wallet'),
(762, 956, '2025-10-23', 280.59, 'Credit Card'),
(763, 957, '2025-07-17', 225.94, 'Credit Card'),
(764, 958, '2025-11-13', 488.36, 'Netbanking'),
(765, 959, '2025-10-31', 765.23, 'Wallet'),
(766, 961, '2024-06-20', 73.5, 'Netbanking'),
(767, 962, '2025-06-28', 183.17, 'Debit Card'),
(768, 963, '2025-07-24', 598.34, 'Netbanking'),
(769, 964, '2024-12-23', 498.31, 'UPI'),
(770, 965, '2025-09-24', 28.9, 'UPI'),
(771, 966, '2025-11-09', 351.57, 'Credit Card'),
(772, 967, '2024-11-23', 843.36, 'Wallet'),
(773, 968, '2025-08-31', 831.9, 'Netbanking'),
(774, 969, '2025-11-08', 1069.86, 'Debit Card'),
(775, 970, '2025-04-30', 369.22, 'Wallet'),
(776, 971, '2025-11-19', 446.1, 'Credit Card'),
(777, 972, '2025-11-09', 313.71, 'UPI'),
(778, 973, '2024-11-09', 53.05, 'Debit Card'),
(779, 974, '2025-10-19', 861.26, 'Credit Card'),
(780, 976, '2025-03-11', 113.24, 'Wallet'),
(781, 978, '2025-10-24', 488.36, 'Netbanking'),
(782, 979, '2025-05-26', 142.15, 'Netbanking'),
(783, 980, '2025-10-10', 850.44, 'Wallet'),
(784, 981, '2024-11-05', 1571.95, 'Wallet'),
(785, 982, '2025-08-24', 369.22, 'Wallet'),
(786, 984, '2025-11-26', 575.52, 'Credit Card'),
(787, 985, '2025-09-10', 33.95, 'Netbanking'),
(788, 986, '2025-09-22', 404.35, 'Credit Card'),
(789, 987, '2025-03-25', 116.14, 'UPI'),
(790, 988, '2025-05-22', 198.83, 'Wallet'),
(791, 989, '2025-11-25', 180.74, 'Netbanking'),
(792, 991, '2025-06-08', 310.41, 'Credit Card'),
(793, 992, '2025-08-03', 246.69, 'Debit Card'),
(794, 993, '2025-11-27', 818.12, 'Netbanking'),
(795, 994, '2025-08-26', 122.9, 'Debit Card'),
(796, 995, '2025-08-27', 96.8, 'Netbanking'),
(797, 996, '2025-05-12', 272.32, 'UPI'),
(798, 997, '2025-08-24', 483.14, 'UPI'),
(799, 998, '2025-08-11', 979.12, 'Credit Card'),
(800, 999, '2025-07-08', 605.33, 'Netbanking'),
(801, 1000, '2025-06-27', 299.24, 'UPI');

INSERT INTO reviews (review_id, product_id, customer_id, rating, review_text, review_date) VALUES
(1, 88, 76, 4, 'Highly recommended', '2025-04-06'),
(2, 180, 67, 5, 'Average quality', '2025-08-31'),
(3, 10, 195, 2, 'Not satisfied', '2025-06-18'),
(4, 74, 7, 2, 'Highly recommended', '2025-07-31'),
(5, 93, 183, 3, 'Average quality', '2024-06-11'),
(6, 146, 163, 3, 'Met expectations', '2025-03-26'),
(7, 173, 76, 2, 'Not satisfied', '2024-05-30'),
(8, 156, 75, 4, 'Average quality', '2025-10-14'),
(9, 59, 8, 2, 'Works as described', '2024-11-06'),
(10, 38, 150, 1, 'Average quality', '2025-01-07'),
(11, 185, 131, 5, 'Poor packaging', '2025-05-03'),
(12, 159, 44, 3, 'Not satisfied', '2025-08-24'),
(13, 129, 81, 5, 'Highly recommended', '2025-01-22'),
(14, 125, 166, 2, 'Exceeded expectations', '2025-05-08'),
(15, 45, 124, 4, 'Excellent product', '2025-11-15'),
(16, 17, 88, 2, 'Average quality', '2024-07-30'),
(17, 58, 39, 3, 'Works as described', '2024-05-02'),
(18, 167, 51, 3, 'Met expectations', '2025-04-15'),
(19, 146, 164, 1, 'Exceeded expectations', '2024-08-21'),
(20, 190, 52, 3, 'Excellent product', '2025-02-12'),
(21, 161, 26, 3, 'Exceeded expectations', '2024-03-09'),
(22, 70, 142, 5, 'Exceeded expectations', '2024-03-22'),
(23, 15, 115, 5, 'Exceeded expectations', '2024-09-10'),
(24, 63, 66, 2, 'Would buy again', '2024-08-21'),
(25, 177, 184, 4, 'Not satisfied', '2024-02-11'),
(26, 156, 69, 5, 'Average quality', '2024-04-03'),
(27, 191, 49, 1, 'Not satisfied', '2025-06-19'),
(28, 78, 16, 2, 'Would buy again', '2024-09-06'),
(29, 150, 195, 5, 'Met expectations', '2025-04-20'),
(30, 26, 138, 1, 'Highly recommended', '2025-10-11'),
(31, 19, 51, 4, 'Good value for money', '2025-03-28'),
(32, 22, 122, 2, 'Good value for money', '2025-07-09'),
(33, 151, 56, 5, 'Met expectations', '2024-11-03'),
(34, 146, 3, 5, 'Poor packaging', '2024-04-24'),
(35, 185, 114, 2, 'Works as described', '2025-10-12'),
(36, 158, 194, 4, 'Excellent product', '2024-09-14'),
(37, 194, 105, 5, 'Average quality', '2025-05-19'),
(38, 162, 46, 3, 'Exceeded expectations', '2025-05-09'),
(39, 132, 73, 3, 'Average quality', '2025-06-28'),
(40, 64, 88, 3, 'Exceeded expectations', '2025-05-30'),
(41, 80, 161, 4, 'Good value for money', '2024-07-05'),
(42, 125, 2, 3, 'Exceeded expectations', '2025-04-26'),
(43, 127, 42, 2, 'Good value for money', '2025-03-18'),
(44, 173, 78, 1, 'Met expectations', '2024-12-16'),
(45, 164, 176, 5, 'Not satisfied', '2024-07-17'),
(46, 200, 28, 2, 'Would buy again', '2024-11-10'),
(47, 129, 79, 3, 'Exceeded expectations', '2025-04-28'),
(48, 27, 176, 3, 'Works as described', '2024-08-03'),
(49, 147, 173, 2, 'Highly recommended', '2024-06-09'),
(50, 50, 197, 4, 'Not satisfied', '2024-06-10'),
(51, 157, 170, 2, 'Highly recommended', '2025-06-12'),
(52, 122, 168, 5, 'Poor packaging', '2024-10-02'),
(53, 59, 68, 4, 'Average quality', '2025-01-14'),
(54, 38, 79, 3, 'Highly recommended', '2024-11-18'),
(55, 116, 79, 4, 'Works as described', '2025-02-06'),
(56, 196, 107, 1, 'Poor packaging', '2024-02-26'),
(57, 105, 91, 2, 'Met expectations', '2024-10-07'),
(58, 5, 181, 2, 'Would buy again', '2025-11-08'),
(59, 184, 66, 3, 'Highly recommended', '2024-01-25'),
(60, 83, 110, 4, 'Highly recommended', '2025-07-25'),
(61, 144, 190, 2, 'Would buy again', '2025-09-24'),
(62, 129, 113, 3, 'Good value for money', '2024-03-17'),
(63, 63, 42, 3, 'Met expectations', '2025-08-30'),
(64, 121, 12, 4, 'Met expectations', '2024-09-12'),
(65, 72, 156, 5, 'Poor packaging', '2024-03-01'),
(66, 26, 15, 3, 'Average quality', '2025-07-04'),
(67, 95, 113, 3, 'Good value for money', '2025-04-28'),
(68, 35, 192, 1, 'Highly recommended', '2025-02-27'),
(69, 39, 39, 5, 'Average quality', '2025-08-10'),
(70, 52, 144, 1, 'Met expectations', '2024-09-08'),
(71, 84, 147, 5, 'Average quality', '2025-07-24'),
(72, 136, 75, 1, 'Not satisfied', '2024-03-10'),
(73, 180, 183, 3, 'Highly recommended', '2025-04-01'),
(74, 192, 55, 2, 'Highly recommended', '2025-04-24'),
(75, 59, 118, 3, 'Highly recommended', '2024-07-22'),
(76, 174, 181, 3, 'Average quality', '2025-09-10'),
(77, 192, 6, 2, 'Good value for money', '2025-10-19'),
(78, 106, 110, 4, 'Met expectations', '2024-02-19'),
(79, 136, 16, 5, 'Highly recommended', '2024-01-17'),
(80, 145, 112, 1, 'Exceeded expectations', '2024-11-30'),
(81, 138, 126, 3, 'Works as described', '2024-12-07'),
(82, 163, 18, 1, 'Works as described', '2024-04-04'),
(83, 143, 200, 1, 'Exceeded expectations', '2024-06-11'),
(84, 132, 23, 5, 'Met expectations', '2025-09-16'),
(85, 167, 49, 1, 'Poor packaging', '2024-10-10'),
(86, 120, 116, 2, 'Highly recommended', '2024-03-15'),
(87, 47, 166, 5, 'Highly recommended', '2025-04-09'),
(88, 136, 200, 4, 'Excellent product', '2025-02-15'),
(89, 148, 76, 1, 'Works as described', '2025-02-03'),
(90, 5, 3, 2, 'Highly recommended', '2025-03-13'),
(91, 39, 67, 2, 'Works as described', '2025-11-21'),
(92, 197, 84, 5, 'Met expectations', '2025-10-31'),
(93, 171, 52, 5, 'Highly recommended', '2025-08-13'),
(94, 40, 49, 2, 'Would buy again', '2024-11-11'),
(95, 47, 26, 1, 'Exceeded expectations', '2025-09-08'),
(96, 11, 200, 2, 'Exceeded expectations', '2024-12-22'),
(97, 18, 84, 3, 'Would buy again', '2025-11-04'),
(98, 54, 52, 3, 'Not satisfied', '2025-03-10'),
(99, 70, 60, 2, 'Highly recommended', '2024-01-28'),
(100, 36, 113, 1, 'Poor packaging', '2024-01-27'),
(101, 114, 191, 2, 'Poor packaging', '2024-02-20'),
(102, 115, 113, 4, 'Would buy again', '2024-07-29'),
(103, 198, 98, 5, 'Good value for money', '2024-04-05'),
(104, 45, 130, 5, 'Exceeded expectations', '2024-05-04'),
(105, 42, 194, 2, 'Good value for money', '2025-05-15'),
(106, 190, 155, 3, 'Highly recommended', '2025-03-01'),
(107, 49, 54, 1, 'Exceeded expectations', '2025-01-03'),
(108, 123, 66, 5, 'Good value for money', '2025-04-12'),
(109, 5, 2, 4, 'Poor packaging', '2025-02-13'),
(110, 26, 91, 3, 'Average quality', '2024-03-07'),
(111, 112, 167, 3, 'Would buy again', '2024-03-27'),
(112, 167, 165, 4, 'Met expectations', '2024-01-17'),
(113, 71, 187, 3, 'Excellent product', '2024-05-24'),
(114, 64, 46, 5, 'Excellent product', '2024-05-11'),
(115, 133, 40, 2, 'Met expectations', '2024-02-09'),
(116, 16, 153, 2, 'Average quality', '2025-01-15'),
(117, 159, 107, 2, 'Poor packaging', '2024-06-25'),
(118, 45, 133, 2, 'Not satisfied', '2025-01-08'),
(119, 29, 42, 1, 'Met expectations', '2024-07-27'),
(120, 79, 104, 3, 'Average quality', '2025-09-28'),
(121, 83, 8, 1, 'Highly recommended', '2024-01-30'),
(122, 121, 9, 2, 'Poor packaging', '2024-02-17'),
(123, 139, 97, 5, 'Exceeded expectations', '2024-06-22'),
(124, 41, 26, 1, 'Highly recommended', '2024-08-16'),
(125, 24, 108, 1, 'Good value for money', '2025-05-02'),
(126, 119, 107, 5, 'Met expectations', '2024-05-17'),
(127, 155, 164, 1, 'Average quality', '2025-05-02'),
(128, 121, 66, 2, 'Highly recommended', '2025-11-03'),
(129, 139, 94, 5, 'Good value for money', '2025-05-04'),
(130, 127, 192, 5, 'Would buy again', '2024-05-08'),
(131, 57, 132, 2, 'Not satisfied', '2024-08-18'),
(132, 169, 22, 1, 'Poor packaging', '2024-10-16'),
(133, 158, 27, 2, 'Would buy again', '2024-09-13'),
(134, 48, 187, 3, 'Highly recommended', '2025-04-18'),
(135, 172, 152, 5, 'Exceeded expectations', '2025-08-14'),
(136, 69, 195, 2, 'Highly recommended', '2025-03-08'),
(137, 96, 170, 2, 'Works as described', '2024-02-05'),
(138, 192, 99, 1, 'Would buy again', '2024-07-05'),
(139, 4, 37, 1, 'Would buy again', '2024-06-14'),
(140, 102, 83, 1, 'Works as described', '2025-05-07'),
(141, 124, 89, 2, 'Works as described', '2025-02-19'),
(142, 116, 55, 4, 'Works as described', '2024-09-26'),
(143, 140, 113, 1, 'Average quality', '2025-11-02'),
(144, 197, 132, 3, 'Highly recommended', '2024-07-09'),
(145, 66, 88, 4, 'Exceeded expectations', '2025-04-12'),
(146, 170, 25, 3, 'Exceeded expectations', '2024-09-26'),
(147, 17, 94, 4, 'Excellent product', '2025-07-10'),
(148, 33, 25, 2, 'Met expectations', '2024-04-23'),
(149, 31, 141, 3, 'Not satisfied', '2024-12-21'),
(150, 79, 116, 4, 'Exceeded expectations', '2024-03-25'),
(151, 130, 47, 4, 'Exceeded expectations', '2024-07-18'),
(152, 37, 175, 2, 'Excellent product', '2024-07-22'),
(153, 188, 191, 3, 'Exceeded expectations', '2025-09-07'),
(154, 200, 39, 5, 'Exceeded expectations', '2025-06-21'),
(155, 13, 137, 3, 'Exceeded expectations', '2024-08-23'),
(156, 178, 136, 2, 'Highly recommended', '2024-06-11'),
(157, 26, 175, 2, 'Works as described', '2024-08-19'),
(158, 193, 184, 2, 'Exceeded expectations', '2025-09-16'),
(159, 109, 52, 3, 'Excellent product', '2025-02-14'),
(160, 76, 100, 5, 'Poor packaging', '2025-05-02'),
(161, 120, 83, 2, 'Average quality', '2024-01-01'),
(162, 20, 65, 5, 'Average quality', '2024-08-01'),
(163, 188, 157, 5, 'Good value for money', '2024-03-01'),
(164, 194, 106, 2, 'Not satisfied', '2025-05-07'),
(165, 42, 196, 2, 'Poor packaging', '2024-06-12'),
(166, 166, 108, 4, 'Works as described', '2024-07-17'),
(167, 64, 90, 1, 'Would buy again', '2024-10-09'),
(168, 36, 103, 1, 'Works as described', '2025-11-19'),
(169, 39, 53, 4, 'Not satisfied', '2025-11-19'),
(170, 71, 195, 3, 'Excellent product', '2025-10-14'),
(171, 31, 134, 3, 'Exceeded expectations', '2024-04-15'),
(172, 198, 161, 5, 'Met expectations', '2024-08-25'),
(173, 170, 113, 3, 'Good value for money', '2025-07-08'),
(174, 191, 157, 4, 'Not satisfied', '2024-03-13'),
(175, 194, 185, 3, 'Average quality', '2024-02-11'),
(176, 98, 66, 1, 'Met expectations', '2025-03-12'),
(177, 150, 44, 4, 'Average quality', '2024-08-18'),
(178, 134, 27, 1, 'Works as described', '2025-09-05'),
(179, 93, 62, 4, 'Poor packaging', '2025-03-07'),
(180, 15, 164, 1, 'Average quality', '2024-10-09'),
(181, 65, 164, 5, 'Highly recommended', '2025-03-05'),
(182, 171, 65, 3, 'Good value for money', '2024-01-14'),
(183, 26, 183, 4, 'Would buy again', '2025-08-22'),
(184, 127, 57, 5, 'Poor packaging', '2025-11-12'),
(185, 69, 27, 4, 'Exceeded expectations', '2025-09-13'),
(186, 145, 97, 5, 'Exceeded expectations', '2025-11-14'),
(187, 98, 11, 5, 'Good value for money', '2025-08-27'),
(188, 165, 26, 5, 'Good value for money', '2024-04-30'),
(189, 196, 62, 3, 'Works as described', '2025-11-19'),
(190, 182, 155, 4, 'Poor packaging', '2024-02-10'),
(191, 89, 166, 4, 'Met expectations', '2025-08-10'),
(192, 134, 10, 4, 'Poor packaging', '2025-11-16'),
(193, 7, 56, 5, 'Not satisfied', '2024-01-25'),
(194, 162, 85, 1, 'Average quality', '2025-02-26'),
(195, 8, 187, 4, 'Average quality', '2025-01-02'),
(196, 175, 89, 3, 'Would buy again', '2024-10-10'),
(197, 115, 13, 3, 'Met expectations', '2025-10-12'),
(198, 68, 197, 2, 'Would buy again', '2025-07-25'),
(199, 198, 141, 3, 'Poor packaging', '2024-12-22'),
(200, 200, 45, 4, 'Good value for money', '2024-12-07');

INSERT INTO reviews (review_id, product_id, customer_id, rating, review_text, review_date) VALUES
(201, 91, 158, 5, 'Would buy again', '2024-11-20'),
(202, 79, 26, 1, 'Poor packaging', '2024-11-16'),
(203, 160, 128, 2, 'Poor packaging', '2024-07-26'),
(204, 68, 182, 4, 'Highly recommended', '2024-12-11'),
(205, 113, 93, 2, 'Not satisfied', '2024-11-26'),
(206, 5, 29, 2, 'Works as described', '2024-11-13'),
(207, 130, 180, 5, 'Average quality', '2025-07-27'),
(208, 138, 46, 4, 'Works as described', '2024-03-18'),
(209, 51, 24, 1, 'Works as described', '2025-11-10'),
(210, 104, 68, 2, 'Highly recommended', '2025-06-29'),
(211, 91, 102, 2, 'Poor packaging', '2024-04-16'),
(212, 189, 76, 5, 'Works as described', '2024-03-25'),
(213, 83, 58, 4, 'Excellent product', '2024-09-08'),
(214, 141, 40, 3, 'Excellent product', '2025-05-21'),
(215, 58, 178, 2, 'Would buy again', '2024-08-19'),
(216, 113, 166, 2, 'Not satisfied', '2024-01-13'),
(217, 76, 63, 1, 'Works as described', '2025-05-09'),
(218, 113, 107, 5, 'Exceeded expectations', '2025-08-04'),
(219, 50, 106, 2, 'Exceeded expectations', '2025-08-17'),
(220, 103, 161, 5, 'Poor packaging', '2024-09-24'),
(221, 181, 94, 3, 'Poor packaging', '2025-01-14'),
(222, 94, 61, 3, 'Exceeded expectations', '2024-12-31'),
(223, 20, 178, 2, 'Highly recommended', '2024-09-09'),
(224, 138, 149, 2, 'Good value for money', '2025-06-03'),
(225, 182, 122, 5, 'Highly recommended', '2024-04-17'),
(226, 155, 59, 3, 'Exceeded expectations', '2024-08-17'),
(227, 120, 69, 5, 'Excellent product', '2025-04-16'),
(228, 159, 113, 4, 'Works as described', '2025-03-22'),
(229, 17, 44, 1, 'Exceeded expectations', '2025-04-04'),
(230, 144, 167, 1, 'Highly recommended', '2025-05-03'),
(231, 181, 38, 1, 'Highly recommended', '2024-03-07'),
(232, 185, 71, 5, 'Average quality', '2024-01-29'),
(233, 183, 154, 4, 'Poor packaging', '2024-05-16'),
(234, 102, 56, 4, 'Average quality', '2025-07-05'),
(235, 179, 173, 3, 'Highly recommended', '2024-08-26'),
(236, 146, 131, 4, 'Not satisfied', '2025-07-06'),
(237, 175, 151, 3, 'Excellent product', '2025-09-16'),
(238, 14, 183, 3, 'Works as described', '2024-05-02'),
(239, 199, 19, 5, 'Good value for money', '2025-06-26'),
(240, 106, 187, 2, 'Would buy again', '2024-09-11'),
(241, 154, 199, 2, 'Not satisfied', '2024-01-31'),
(242, 167, 127, 1, 'Highly recommended', '2024-04-01'),
(243, 25, 104, 5, 'Poor packaging', '2025-02-21'),
(244, 98, 179, 4, 'Not satisfied', '2024-12-17'),
(245, 47, 25, 3, 'Highly recommended', '2024-06-30'),
(246, 182, 111, 3, 'Met expectations', '2024-04-02'),
(247, 48, 67, 4, 'Would buy again', '2024-08-20'),
(248, 90, 166, 1, 'Highly recommended', '2025-04-07'),
(249, 193, 25, 5, 'Average quality', '2024-01-21'),
(250, 156, 16, 5, 'Excellent product', '2025-11-30'),
(251, 96, 25, 2, 'Excellent product', '2025-06-25'),
(252, 4, 2, 3, 'Poor packaging', '2024-11-09'),
(253, 8, 146, 5, 'Highly recommended', '2024-03-12'),
(254, 45, 49, 5, 'Met expectations', '2024-07-05'),
(255, 138, 56, 3, 'Good value for money', '2025-11-30'),
(256, 40, 154, 3, 'Works as described', '2024-06-30'),
(257, 113, 181, 2, 'Exceeded expectations', '2024-06-01'),
(258, 114, 8, 5, 'Excellent product', '2025-07-04'),
(259, 31, 80, 3, 'Good value for money', '2024-12-23'),
(260, 175, 47, 5, 'Exceeded expectations', '2024-06-20'),
(261, 26, 128, 2, 'Works as described', '2024-06-07'),
(262, 157, 87, 4, 'Exceeded expectations', '2025-02-02'),
(263, 115, 30, 5, 'Good value for money', '2024-12-12'),
(264, 64, 94, 2, 'Would buy again', '2025-05-17'),
(265, 49, 104, 1, 'Highly recommended', '2024-03-01'),
(266, 123, 169, 5, 'Good value for money', '2025-06-16'),
(267, 24, 170, 3, 'Exceeded expectations', '2025-07-30'),
(268, 148, 180, 5, 'Exceeded expectations', '2025-02-07'),
(269, 194, 140, 2, 'Average quality', '2024-11-24'),
(270, 35, 115, 2, 'Average quality', '2025-10-03'),
(271, 110, 104, 4, 'Poor packaging', '2024-03-25'),
(272, 126, 7, 4, 'Good value for money', '2024-11-25'),
(273, 144, 124, 5, 'Poor packaging', '2024-11-09'),
(274, 128, 198, 3, 'Excellent product', '2025-06-24'),
(275, 11, 49, 1, 'Average quality', '2025-08-24'),
(276, 192, 147, 5, 'Not satisfied', '2025-10-18'),
(277, 81, 190, 1, 'Exceeded expectations', '2024-01-29'),
(278, 13, 78, 4, 'Would buy again', '2024-12-26'),
(279, 138, 14, 4, 'Exceeded expectations', '2025-06-20'),
(280, 46, 131, 3, 'Excellent product', '2024-08-07'),
(281, 26, 118, 2, 'Would buy again', '2024-11-23'),
(282, 19, 183, 2, 'Met expectations', '2024-07-30'),
(283, 147, 164, 5, 'Excellent product', '2024-02-16'),
(284, 98, 53, 1, 'Average quality', '2024-01-05'),
(285, 62, 169, 3, 'Not satisfied', '2025-02-03'),
(286, 59, 96, 4, 'Excellent product', '2024-06-08'),
(287, 37, 154, 2, 'Works as described', '2025-11-15'),
(288, 67, 109, 5, 'Average quality', '2024-07-28'),
(289, 168, 189, 3, 'Poor packaging', '2024-01-11'),
(290, 107, 106, 4, 'Average quality', '2024-07-13'),
(291, 200, 125, 3, 'Works as described', '2024-01-11'),
(292, 161, 178, 4, 'Excellent product', '2025-04-04'),
(293, 33, 170, 2, 'Good value for money', '2025-10-14'),
(294, 30, 30, 2, 'Met expectations', '2024-03-09'),
(295, 47, 138, 3, 'Not satisfied', '2024-09-19'),
(296, 175, 184, 4, 'Average quality', '2025-07-03'),
(297, 74, 73, 5, 'Average quality', '2024-04-21'),
(298, 195, 31, 4, 'Would buy again', '2024-03-29'),
(299, 143, 128, 2, 'Not satisfied', '2025-06-14'),
(300, 10, 121, 4, 'Good value for money', '2024-04-24');

-- Indexes to help common analysis

CREATE INDEX idx_orders_date ON orders(order_date);
CREATE INDEX idx_orders_customer ON orders(customer_id);
CREATE INDEX idx_products_category ON products(category_id);
CREATE INDEX idx_order_items_product ON order_items(product_id);
CREATE INDEX idx_payments_order ON payments(order_id);
